run_id,dataset,model,protected,method,repeat,n_idi,n_test,cov1,cov2,cov3,cov4,cov5,div50,div100,div200,div500,div1000,div2000,div3000,div5000,real_time,cpu_time,partition_real,partition_cpu,generation_real,generation_cpu,n_regions
regionft_d10-GBDT-Adult-sex-d5000000-0,Adult,GBDT,sex,regionft_d10,0,739516,5000000,1,3740,209087,594840,718140,11.1881,11.1954,11.1805,11.1818,11.1687,11.1708,11.1803,11.1846,195.18,195.17,106.69,106.69,88.49,88.48,880
regionft_d10-GBDT-Adult-sex-d5000000-1,Adult,GBDT,sex,regionft_d10,1,785919,5000000,1,3758,206182,618078,760033,11.1967,11.1399,11.1291,11.1269,11.127,11.1265,11.1271,11.1309,181.27,181.26,91.2,91.19,90.07,90.07,825
regionft_d10-GBDT-Adult-sex-d5000000-2,Adult,GBDT,sex,regionft_d10,2,703665,5000000,1,3715,201922,562223,683926,11.1864,11.1018,11.1336,11.1364,11.1473,11.1423,11.138,11.147,197.54,197.53,108.24,108.24,89.29,89.29,880
regionft_d10-GBDT-Adult-sex-d5000000-3,Adult,GBDT,sex,regionft_d10,3,684303,5000000,1,3721,204236,555442,666738,11.1798,11.1432,11.1582,11.1451,11.1767,11.1616,11.1779,11.1676,178.06,178.05,89.06,89.05,89.0,89.0,825
regionft_d10-GBDT-Adult-sex-d5000000-4,Adult,GBDT,sex,regionft_d10,4,717374,5000000,1,3732,206961,583345,697226,11.2147,11.2322,11.1894,11.1945,11.1947,11.1942,11.1952,11.1934,193.59,193.59,105.23,105.23,88.36,88.36,938
regionft_random-GBDT-Adult-sex-d5000000-0,Adult,GBDT,sex,regionft_random,0,97685,5000000,1,3532,73455,94779,97391,11.2057,11.217,11.1903,11.1874,11.1878,11.182,11.1815,11.1876,112.3,112.29,28.45,28.44,83.85,83.85,1024
regionft_random-GBDT-Adult-sex-d5000000-1,Adult,GBDT,sex,regionft_random,1,90576,5000000,1,3545,69427,88165,90342,11.1966,11.1781,11.2021,11.1839,11.2072,11.1973,11.199,11.2008,108.62,108.62,27.96,27.96,80.66,80.66,1024
regionft_random-GBDT-Adult-sex-d5000000-2,Adult,GBDT,sex,regionft_random,2,119464,5000000,1,3534,83051,114790,119017,11.2513,11.2658,11.238,11.2324,11.2342,11.2289,11.2359,11.233,110.59,110.59,26.46,26.46,84.13,84.13,1024
regionft_random-GBDT-Adult-sex-d5000000-3,Adult,GBDT,sex,regionft_random,3,99000,5000000,1,3504,73352,96030,98695,11.2777,11.2755,11.2595,11.248,11.2444,11.2531,11.2493,11.2554,108.71,108.7,27.49,27.49,81.22,81.21,1024
regionft_random-GBDT-Adult-sex-d5000000-4,Adult,GBDT,sex,regionft_random,4,87159,5000000,1,3552,68210,85031,86958,11.2367,11.2165,11.2021,11.2072,11.2051,11.2083,11.2104,11.2075,111.64,111.63,28.0,28.0,83.63,83.63,1024
regionft_d10-MLP-Adult-age-d5000000-0,Adult,MLP,age,regionft_d10,0,2538737,5000000,1,3072,179657,1351628,2324218,11.4896,11.4985,11.4939,11.5005,11.4991,11.5,11.5001,11.4998,529.35,529.33,194.79,194.78,334.56,334.55,993
regionft_d10-MLP-Adult-age-d5000000-1,Adult,MLP,age,regionft_d10,1,2521417,5000000,1,3078,179141,1350577,2310510,11.4968,11.5046,11.5008,11.5012,11.4997,11.5003,11.5008,11.5008,537.92,537.91,205.41,205.4,332.51,332.51,1023
regionft_d10-MLP-Adult-age-d5000000-2,Adult,MLP,age,regionft_d10,2,2546875,5000000,1,3078,180566,1355600,2328789,11.4989,11.498,11.4971,11.499,11.5001,11.4991,11.4997,11.4996,529.89,529.84,199.1,199.07,330.78,330.77,1014
regionft_d10-MLP-Adult-age-d5000000-3,Adult,MLP,age,regionft_d10,3,2553695,5000000,1,3076,180655,1352868,2337934,11.4965,11.5089,11.5019,11.5003,11.5003,11.5003,11.4997,11.5003,518.02,518.02,194.93,194.93,323.09,323.09,1021
regionft_d10-MLP-Adult-age-d5000000-4,Adult,MLP,age,regionft_d10,4,2481895,5000000,1,3074,180100,1338118,2272198,11.4999,11.502,11.4966,11.5013,11.5016,11.4998,11.4999,11.4996,525.62,525.6,195.4,195.38,330.22,330.22,1022
regionft_random-MLP-Adult-age-d5000000-0,Adult,MLP,age,regionft_random,0,1082177,5000000,1,3083,159987,771276,1041382,11.4831,11.4983,11.4999,11.4988,11.496,11.4968,11.4956,11.4962,359.39,359.38,73.76,73.76,285.63,285.62,1024
regionft_random-MLP-Adult-age-d5000000-1,Adult,MLP,age,regionft_random,1,1007645,5000000,1,3086,160070,733791,971728,11.5079,11.4956,11.5038,11.5004,11.4999,11.5012,11.5007,11.5007,373.39,373.34,76.24,76.23,297.15,297.1,1024
regionft_random-MLP-Adult-age-d5000000-2,Adult,MLP,age,regionft_random,2,1060869,5000000,1,3089,159693,743583,1019078,11.5012,11.4989,11.4899,11.4963,11.4951,11.4952,11.4959,11.4959,337.43,337.4,67.06,67.05,270.37,270.35,1024
regionft_random-MLP-Adult-age-d5000000-3,Adult,MLP,age,regionft_random,3,1147544,5000000,1,3091,159232,770495,1091372,11.5035,11.4889,11.4957,11.4951,11.4947,11.4966,11.495,11.4945,366.36,366.33,74.58,74.57,291.78,291.76,1024
regionft_random-MLP-Adult-age-d5000000-4,Adult,MLP,age,regionft_random,4,1016032,5000000,1,3083,160656,733351,980506,11.5159,11.4982,11.4889,11.5,11.5008,11.5012,11.5011,11.501,334.04,334.02,66.38,66.37,267.66,267.65,1024
regionft_d10-GBDT-Credit-sex-d5000000-0,Credit,GBDT,sex,regionft_d10,0,571937,5000000,1,151131,565324,571676,571873,14.4057,14.4296,14.4212,14.4223,14.4362,14.4255,14.4249,14.425,152.87,152.86,60.48,60.47,92.38,92.38,696
regionft_d10-GBDT-Credit-sex-d5000000-1,Credit,GBDT,sex,regionft_d10,1,592823,5000000,1,154323,585783,592527,592728,14.4439,14.4174,14.4388,14.4195,14.4283,14.4323,14.4302,14.4304,167.38,167.38,74.92,74.92,92.46,92.46,793
regionft_d10-GBDT-Credit-sex-d5000000-2,Credit,GBDT,sex,regionft_d10,2,542949,5000000,1,153060,537270,542732,542896,14.4459,14.4502,14.456,14.4416,14.4348,14.4367,14.437,14.4388,171.54,171.53,78.05,78.04,93.49,93.49,856
regionft_d10-GBDT-Credit-sex-d5000000-3,Credit,GBDT,sex,regionft_d10,3,588298,5000000,1,155251,581201,588018,588196,14.4823,14.4415,14.4294,14.4318,14.4383,14.4355,14.4345,14.4368,170.89,170.89,77.87,77.87,93.02,93.02,823
regionft_d10-GBDT-Credit-sex-d5000000-4,Credit,GBDT,sex,regionft_d10,4,624408,5000000,1,155423,616167,624060,624291,14.4521,14.4109,14.4224,14.4298,14.4317,14.4283,14.4324,14.4328,176.13,176.12,82.33,82.33,93.79,93.79,918
regionft_random-GBDT-Credit-sex-d5000000-0,Credit,GBDT,sex,regionft_random,0,101604,5000000,1,67639,101352,101597,101603,14.4733,14.4954,14.4852,14.4703,14.4742,14.4756,14.4722,14.4759,117.07,117.07,31.87,31.87,85.19,85.19,1024
regionft_random-GBDT-Credit-sex-d5000000-1,Credit,GBDT,sex,regionft_random,1,74834,5000000,1,54490,74735,74830,74832,14.5035,14.4878,14.5123,14.5058,14.4979,14.5071,14.501,14.5049,122.01,122.01,33.05,33.05,88.96,88.96,1024
regionft_random-GBDT-Credit-sex-d5000000-2,Credit,GBDT,sex,regionft_random,2,160878,5000000,1,92670,160385,160859,160872,14.5006,14.5203,14.4919,14.4999,14.4947,14.4979,14.4964,14.4963,118.77,118.77,33.2,33.2,85.57,85.57,1024
regionft_random-GBDT-Credit-sex-d5000000-3,Credit,GBDT,sex,regionft_random,3,78809,5000000,1,57409,78706,78805,78808,14.4369,14.5047,14.5032,14.5201,14.5168,14.5136,14.5104,14.5091,122.96,122.95,34.44,34.44,88.51,88.51,1024
regionft_random-GBDT-Credit-sex-d5000000-4,Credit,GBDT,sex,regionft_random,4,78966,5000000,1,57913,78873,78961,78965,14.5087,14.5064,14.5257,14.5228,14.5098,14.514,14.5173,14.5136,115.82,115.82,32.14,32.14,83.68,83.68,1024
regionft_d10-LogReg-Lsac-race-d5000000-0,Lsac,LogReg,race,regionft_d10,0,860051,5000000,1,951,15277,99347,351946,9.5326,9.5368,9.5396,9.5399,9.539,9.5399,9.54,9.5397,206.98,206.98,122.94,122.94,84.03,84.03,980
regionft_d10-LogReg-Lsac-race-d5000000-1,Lsac,LogReg,race,regionft_d10,1,731670,5000000,1,953,15126,99067,329567,9.5406,9.538,9.5367,9.5401,9.54,9.5409,9.5407,9.5403,201.29,201.28,116.87,116.86,84.42,84.42,983
regionft_d10-LogReg-Lsac-race-d5000000-2,Lsac,LogReg,race,regionft_d10,2,856653,5000000,1,946,15134,99401,351356,9.5572,9.5417,9.5438,9.5398,9.5399,9.5398,9.54,9.5403,202.27,202.27,117.96,117.96,84.31,84.31,953
regionft_d10-LogReg-Lsac-race-d5000000-3,Lsac,LogReg,race,regionft_d10,3,856238,5000000,1,953,15197,100206,352900,9.4989,9.5331,9.536,9.5405,9.5407,9.5404,9.5407,9.5407,198.88,198.87,113.25,113.24,85.63,85.63,934
regionft_d10-LogReg-Lsac-race-d5000000-4,Lsac,LogReg,race,regionft_d10,4,786882,5000000,1,949,15065,99152,336936,9.5531,9.5368,9.5393,9.5386,9.5386,9.5406,9.5402,9.5398,201.11,201.11,119.04,119.04,82.06,82.06,958
regionft_random-LogReg-Lsac-race-d5000000-0,Lsac,LogReg,race,regionft_random,0,352819,5000000,1,925,14612,84138,227619,9.5507,9.5427,9.5359,9.5399,9.539,9.5391,9.539,9.5388,109.83,109.83,26.43,26.43,83.4,83.4,1024
regionft_random-LogReg-Lsac-race-d5000000-1,Lsac,LogReg,race,regionft_random,1,393022,5000000,1,907,14722,84553,240754,9.5422,9.5428,9.5403,9.5386,9.5376,9.5376,9.5382,9.5384,107.55,107.54,26.23,26.23,81.31,81.31,1024
regionft_random-LogReg-Lsac-race-d5000000-2,Lsac,LogReg,race,regionft_random,2,476066,5000000,1,896,14893,86877,272745,9.5355,9.5486,9.5361,9.5379,9.5377,9.5378,9.538,9.5374,110.54,110.54,26.22,26.22,84.32,84.32,1024
regionft_random-LogReg-Lsac-race-d5000000-3,Lsac,LogReg,race,regionft_random,3,327187,5000000,1,921,14540,83360,216976,9.5242,9.5284,9.5399,9.5386,9.5372,9.5372,9.5374,9.5385,105.12,105.12,25.06,25.06,80.06,80.05,1024
regionft_random-LogReg-Lsac-race-d5000000-4,Lsac,LogReg,race,regionft_random,4,331241,5000000,1,927,14559,83920,219658,9.5332,9.541,9.5325,9.5398,9.5402,9.5398,9.5392,9.5396,113.57,113.57,27.08,27.08,86.48,86.48,1024
regionft_d10-GBDT-Adult-race-d5000000-0,Adult,GBDT,race,regionft_d10,0,396499,5000000,1,3502,102366,255703,361113,10.7654,10.7444,10.7193,10.7459,10.7238,10.7373,10.7194,10.7221,262.59,262.58,111.63,111.62,150.95,150.96,853
regionft_d10-GBDT-Adult-race-d5000000-1,Adult,GBDT,race,regionft_d10,1,388737,5000000,1,3479,103154,261036,357943,10.7543,10.7714,10.8006,10.772,10.7639,10.7617,10.7769,10.7784,272.32,272.31,111.94,111.93,160.38,160.38,827
regionft_d10-GBDT-Adult-race-d5000000-2,Adult,GBDT,race,regionft_d10,2,404372,5000000,1,3490,105388,268400,370844,10.8191,10.7627,10.7903,10.8148,10.7865,10.7994,10.8016,10.7971,271.91,271.9,114.47,114.46,157.45,157.44,814
regionft_d10-GBDT-Adult-race-d5000000-3,Adult,GBDT,race,regionft_d10,3,370582,5000000,1,3423,101467,252990,342773,10.7422,10.7343,10.7447,10.7319,10.7439,10.7471,10.7408,10.7388,275.62,275.6,119.93,119.91,155.69,155.69,897
regionft_d10-GBDT-Adult-race-d5000000-4,Adult,GBDT,race,regionft_d10,4,409180,5000000,1,3392,103348,270872,374248,10.6983,10.7312,10.7608,10.7482,10.7483,10.7458,10.7416,10.7392,266.87,266.86,112.8,112.8,154.07,154.06,833
regionft_random-GBDT-Adult-race-d5000000-0,Adult,GBDT,race,regionft_random,0,43740,5000000,1,3202,34376,42235,43522,10.9466,10.9713,10.9688,10.9679,10.9492,10.959,10.9531,10.9574,161.35,161.35,37.3,37.3,124.05,124.05,1024
regionft_random-GBDT-Adult-race-d5000000-1,Adult,GBDT,race,regionft_random,1,45725,5000000,1,3174,35668,44132,45494,10.985,10.9811,10.9482,10.9776,10.9707,10.9679,10.9728,10.9664,189.48,189.47,43.09,43.08,146.39,146.39,1024
regionft_random-GBDT-Adult-race-d5000000-2,Adult,GBDT,race,regionft_random,2,50225,5000000,1,3140,38932,48474,49992,11.0898,11.0313,11.012,11.0201,10.9976,11.0089,11.0025,11.0109,172.73,172.73,38.99,38.99,133.74,133.74,1024
regionft_random-GBDT-Adult-race-d5000000-3,Adult,GBDT,race,regionft_random,3,44241,5000000,1,3217,34436,42369,44020,11.0398,11.0682,11.0256,11.0367,11.0249,11.0276,11.0251,11.0316,194.06,194.05,41.88,41.88,152.18,152.17,1024
regionft_random-GBDT-Adult-race-d5000000-4,Adult,GBDT,race,regionft_random,4,41250,5000000,1,3224,33235,39929,41079,11.0188,10.9993,10.9885,11.0248,11.0089,11.0162,11.0199,11.01,167.85,167.85,38.7,38.7,129.15,129.15,1024
regionft_d10-GBDT-Adult-age-d5000000-0,Adult,GBDT,age,regionft_d10,0,3693296,5000000,1,4096,341312,2282401,3521178,11.4248,11.4759,11.4678,11.4582,11.4617,11.4624,11.4622,11.4619,463.28,463.26,183.35,183.33,279.93,279.93,958
regionft_d10-GBDT-Adult-age-d5000000-1,Adult,GBDT,age,regionft_d10,1,3693984,5000000,1,4096,340901,2280086,3522780,11.4408,11.454,11.4552,11.4611,11.4614,11.4618,11.4595,11.4614,472.22,472.23,187.75,187.75,284.48,284.48,939
regionft_d10-GBDT-Adult-age-d5000000-2,Adult,GBDT,age,regionft_d10,2,3691584,5000000,1,4096,341842,2285326,3519760,11.4612,11.4594,11.4667,11.4653,11.4605,11.4626,11.4625,11.4613,462.77,462.76,181.89,181.88,280.89,280.89,948
regionft_d10-GBDT-Adult-age-d5000000-3,Adult,GBDT,age,regionft_d10,3,3685824,5000000,1,4096,340964,2277470,3514421,11.4834,11.4542,11.461,11.4648,11.4632,11.4632,11.4622,11.4625,446.69,446.67,170.56,170.54,276.14,276.13,924
regionft_d10-GBDT-Adult-age-d5000000-4,Adult,GBDT,age,regionft_d10,4,3685669,5000000,1,4096,339225,2280482,3514753,11.4707,11.4646,11.4652,11.4612,11.4633,11.4619,11.4608,11.4609,442.77,442.74,168.46,168.44,274.3,274.3,918
regionft_random-GBDT-Adult-age-d5000000-0,Adult,GBDT,age,regionft_random,0,2211819,5000000,1,4096,322105,1599589,2148853,11.4811,11.4462,11.4656,11.4676,11.4648,11.4638,11.4636,11.4639,282.77,282.74,58.83,58.81,223.95,223.92,1024
regionft_random-GBDT-Adult-age-d5000000-1,Adult,GBDT,age,regionft_random,1,2333120,5000000,1,4096,324733,1653978,2262982,11.465,11.4598,11.4609,11.4669,11.4658,11.4641,11.4653,11.4654,334.13,334.12,66.83,66.82,267.31,267.3,1024
regionft_random-GBDT-Adult-age-d5000000-2,Adult,GBDT,age,regionft_random,2,2247287,5000000,1,4096,322802,1616092,2182805,11.4824,11.4509,11.4707,11.4613,11.4632,11.462,11.4627,11.4622,281.28,281.26,56.41,56.4,224.87,224.86,1024
regionft_random-GBDT-Adult-age-d5000000-3,Adult,GBDT,age,regionft_random,3,2491494,5000000,1,4096,326557,1712320,2410519,11.4687,11.4713,11.4657,11.4572,11.4607,11.4596,11.4626,11.4613,329.13,329.12,64.54,64.53,264.59,264.59,1024
regionft_random-GBDT-Adult-age-d5000000-4,Adult,GBDT,age,regionft_random,4,2378566,5000000,1,4096,326866,1675188,2305503,11.4584,11.4545,11.4528,11.46,11.4572,11.4579,11.4579,11.4594,286.85,286.83,58.99,58.98,227.86,227.84,1024
regionft_d10-DecTree-Adult-sex-d5000000-0,Adult,DecTree,sex,regionft_d10,0,2894001,5000000,1,1754,108398,1086076,2358685,11.3066,11.3033,11.292,11.2887,11.2925,11.2967,11.2936,11.2916,126.94,126.93,39.02,39.02,87.92,87.91,383
regionft_d10-DecTree-Adult-sex-d5000000-1,Adult,DecTree,sex,regionft_d10,1,2702184,5000000,1,1753,107938,1046443,2213728,11.2805,11.2931,11.2932,11.2907,11.2926,11.292,11.2903,11.2927,103.8,103.79,19.41,19.41,84.39,84.38,187
regionft_d10-DecTree-Adult-sex-d5000000-2,Adult,DecTree,sex,regionft_d10,2,2880220,5000000,1,1756,108191,1077521,2350087,11.2981,11.2981,11.3062,11.3023,11.2933,11.2989,11.2974,11.2963,109.96,109.96,21.31,21.31,88.65,88.65,209
regionft_d10-DecTree-Adult-sex-d5000000-3,Adult,DecTree,sex,regionft_d10,3,2697656,5000000,1,1749,108073,1049768,2202962,11.3094,11.2695,11.2886,11.2859,11.283,11.2825,11.2824,11.2829,106.14,106.14,19.73,19.72,86.41,86.41,205
regionft_d10-DecTree-Adult-sex-d5000000-4,Adult,DecTree,sex,regionft_d10,4,2813715,5000000,1,1755,108638,1068695,2293410,11.2762,11.3075,11.2933,11.2956,11.2888,11.2912,11.2903,11.2893,125.75,125.75,36.31,36.3,89.45,89.45,359
regionft_random-DecTree-Adult-sex-d5000000-0,Adult,DecTree,sex,regionft_random,0,53797,5000000,1,1466,34280,51420,53522,11.2694,11.2448,11.2479,11.2473,11.2524,11.2482,11.2495,11.246,92.69,92.69,24.11,24.11,68.58,68.58,1024
regionft_random-DecTree-Adult-sex-d5000000-1,Adult,DecTree,sex,regionft_random,1,59670,5000000,1,1475,35327,55928,59336,11.2442,11.2535,11.2576,11.2453,11.2495,11.2491,11.2492,11.2488,91.87,91.87,25.56,25.56,66.31,66.31,1024
regionft_random-DecTree-Adult-sex-d5000000-2,Adult,DecTree,sex,regionft_random,2,80742,5000000,1,1473,41438,72822,79929,11.2508,11.2142,11.2379,11.2397,11.2395,11.2383,11.2348,11.2378,90.72,90.72,22.41,22.41,68.31,68.31,1024
regionft_random-DecTree-Adult-sex-d5000000-3,Adult,DecTree,sex,regionft_random,3,69923,5000000,1,1456,40016,65442,69473,11.2576,11.2505,11.2489,11.2549,11.2519,11.2525,11.2522,11.2531,89.01,89.0,24.39,24.39,64.62,64.61,1024
regionft_random-DecTree-Adult-sex-d5000000-4,Adult,DecTree,sex,regionft_random,4,52665,5000000,1,1517,33801,49996,52406,11.2436,11.2526,11.2504,11.2457,11.247,11.2463,11.2451,11.248,89.39,89.39,22.8,22.8,66.59,66.59,1024
regionft_d10-DecTree-Adult-race-d5000000-0,Adult,DecTree,race,regionft_d10,0,4184752,5000000,1,1152,30308,209690,1327112,10.4078,10.4321,10.4611,10.4767,10.4529,10.4607,10.4612,10.458,190.97,190.96,34.64,34.64,156.32,156.32,265
regionft_d10-DecTree-Adult-race-d5000000-1,Adult,DecTree,race,regionft_d10,1,4267970,5000000,1,1324,33206,226920,1360394,10.4862,10.518,10.5568,10.49,10.5269,10.5153,10.5107,10.5095,198.98,198.97,45.07,45.06,153.91,153.91,383
regionft_d10-DecTree-Adult-race-d5000000-2,Adult,DecTree,race,regionft_d10,2,4461189,5000000,1,1283,33866,230945,1381525,10.4766,10.4834,10.493,10.4585,10.4643,10.4735,10.4693,10.478,180.96,180.95,33.07,33.06,147.89,147.89,281
regionft_d10-DecTree-Adult-race-d5000000-3,Adult,DecTree,race,regionft_d10,3,4259104,5000000,1,1275,33614,229726,1360672,10.4576,10.4994,10.4955,10.5098,10.4971,10.5147,10.5102,10.52,198.25,198.24,44.99,44.99,153.26,153.26,356
regionft_d10-DecTree-Adult-race-d5000000-4,Adult,DecTree,race,regionft_d10,4,4335752,5000000,1,1297,32326,225220,1363924,10.4715,10.5235,10.5068,10.4997,10.4956,10.5053,10.5081,10.5062,176.36,176.36,27.16,27.16,149.21,149.21,223
regionft_random-DecTree-Adult-race-d5000000-0,Adult,DecTree,race,regionft_random,0,127772,5000000,1,930,19005,71426,114421,10.3727,10.4097,10.4069,10.4221,10.3946,10.4069,10.4118,10.4054,149.22,149.22,34.35,34.35,114.87,114.87,1024
regionft_random-DecTree-Adult-race-d5000000-1,Adult,DecTree,race,regionft_random,1,95741,5000000,1,935,18549,60731,89604,10.4514,10.44,10.4844,10.472,10.4758,10.478,10.4794,10.4745,156.21,156.2,35.42,35.41,120.8,120.79,1024
regionft_random-DecTree-Adult-race-d5000000-2,Adult,DecTree,race,regionft_random,2,122016,5000000,1,915,19137,67850,111875,10.4666,10.4381,10.4407,10.4399,10.4394,10.4338,10.4373,10.434,147.15,147.15,34.0,34.0,113.15,113.15,1024
regionft_random-DecTree-Adult-race-d5000000-3,Adult,DecTree,race,regionft_random,3,153145,5000000,1,957,20517,71250,134796,10.5084,10.4358,10.4484,10.4479,10.4575,10.4432,10.4509,10.4493,152.24,152.24,34.98,34.98,117.26,117.26,1024
regionft_random-DecTree-Adult-race-d5000000-4,Adult,DecTree,race,regionft_random,4,161999,5000000,1,826,19622,78364,144305,10.4607,10.372,10.422,10.4018,10.4022,10.3907,10.3972,10.3984,144.89,144.89,34.1,34.1,110.79,110.79,1024
regionft_d10-DecTree-Adult-age-d5000000-0,Adult,DecTree,age,regionft_d10,0,4915977,5000000,1,4096,273036,3226220,4697650,11.5246,11.5139,11.5124,11.513,11.5163,11.515,11.515,11.5146,284.23,284.24,30.72,30.72,253.51,253.51,114
regionft_d10-DecTree-Adult-age-d5000000-1,Adult,DecTree,age,regionft_d10,1,4926999,5000000,1,4096,273068,3230743,4709194,11.5138,11.5131,11.5123,11.517,11.516,11.5152,11.5153,11.5151,277.49,277.48,26.83,26.82,250.66,250.66,147
regionft_d10-DecTree-Adult-age-d5000000-2,Adult,DecTree,age,regionft_d10,2,4920829,5000000,1,4096,272967,3229144,4701892,11.5342,11.5086,11.5126,11.514,11.5158,11.5145,11.5152,11.5147,289.3,289.3,34.15,34.15,255.15,255.15,132
regionft_d10-DecTree-Adult-age-d5000000-3,Adult,DecTree,age,regionft_d10,3,4919787,5000000,1,4096,272947,3229003,4701984,11.5159,11.5236,11.516,11.5157,11.5161,11.5149,11.5151,11.5148,283.03,283.03,28.84,28.83,254.19,254.19,138
regionft_d10-DecTree-Adult-age-d5000000-4,Adult,DecTree,age,regionft_d10,4,4920588,5000000,1,4096,273073,3229245,4702679,11.5252,11.5105,11.5118,11.5167,11.5145,11.5139,11.5148,11.5146,282.07,282.07,31.99,31.99,250.08,250.08,117
regionft_random-DecTree-Adult-age-d5000000-0,Adult,DecTree,age,regionft_random,0,2897749,5000000,1,4096,268745,2190258,2818051,11.5063,11.5285,11.5139,11.517,11.514,11.515,11.5144,11.5141,302.89,302.89,60.21,60.21,242.67,242.67,1024
regionft_random-DecTree-Adult-age-d5000000-1,Adult,DecTree,age,regionft_random,1,2922634,5000000,1,4096,268488,2196006,2840638,11.5264,11.5055,11.5156,11.5141,11.5144,11.5137,11.5142,11.5143,261.64,261.62,52.95,52.94,208.69,208.68,1024
regionft_random-DecTree-Adult-age-d5000000-2,Adult,DecTree,age,regionft_random,2,2983466,5000000,1,4096,268567,2216800,2898804,11.5334,11.5284,11.5102,11.5151,11.5146,11.5146,11.5141,11.5146,297.52,297.51,56.83,56.83,240.68,240.68,1024
regionft_random-DecTree-Adult-age-d5000000-3,Adult,DecTree,age,regionft_random,3,2972457,5000000,1,4096,268680,2213256,2886672,11.5159,11.5088,11.5167,11.512,11.5142,11.5126,11.5137,11.5138,261.58,261.57,54.09,54.09,207.49,207.49,1024
regionft_random-DecTree-Adult-age-d5000000-4,Adult,DecTree,age,regionft_random,4,2933588,5000000,1,4096,268436,2204045,2852038,11.5287,11.5139,11.5184,11.5128,11.516,11.514,11.5149,11.5146,296.64,296.64,57.43,57.43,239.2,239.21,1024
regionft_d10-GBDT-Bank-age-d5000000-0,Bank,GBDT,age,regionft_d10,0,2734467,5000000,1,32767,922679,2322391,2582661,11.9928,11.9606,11.9515,11.9514,11.9471,11.9422,11.9496,11.9479,443.28,443.27,172.66,172.66,270.62,270.62,869
regionft_d10-GBDT-Bank-age-d5000000-1,Bank,GBDT,age,regionft_d10,1,2770446,5000000,1,32768,937351,2350100,2615460,11.9629,11.9528,11.9531,11.9518,11.9494,11.9519,11.9496,11.95,462.78,462.77,191.75,191.74,271.03,271.03,952
regionft_d10-GBDT-Bank-age-d5000000-2,Bank,GBDT,age,regionft_d10,2,2726513,5000000,1,32767,915906,2315461,2573306,11.994,11.96,11.9412,11.9393,11.9448,11.9385,11.9439,11.9452,465.17,465.16,190.07,190.06,275.1,275.1,933
regionft_d10-GBDT-Bank-age-d5000000-3,Bank,GBDT,age,regionft_d10,3,2792890,5000000,1,32768,938163,2363704,2633358,11.9205,11.9842,11.9596,11.9518,11.9555,11.9491,11.9503,11.9522,457.6,457.59,185.86,185.85,271.73,271.74,913
regionft_d10-GBDT-Bank-age-d5000000-4,Bank,GBDT,age,regionft_d10,4,2789190,5000000,1,32768,938498,2363889,2631713,11.9523,11.9557,11.9458,11.9529,11.9468,11.951,11.9449,11.9485,459.96,459.95,185.38,185.37,274.58,274.58,878
regionft_random-GBDT-Bank-age-d5000000-0,Bank,GBDT,age,regionft_random,0,1273170,5000000,1,32722,684807,1180662,1243057,11.9624,11.9259,11.9425,11.9501,11.9446,11.9472,11.9497,11.9496,326.03,326.03,68.13,68.13,257.9,257.91,1024
regionft_random-GBDT-Bank-age-d5000000-1,Bank,GBDT,age,regionft_random,1,1242855,5000000,1,32715,672929,1156717,1214325,11.952,11.9282,11.9496,11.9478,11.9505,11.9512,11.9467,11.9509,290.86,290.85,61.73,61.73,229.12,229.13,1024
regionft_random-GBDT-Bank-age-d5000000-2,Bank,GBDT,age,regionft_random,2,1257871,5000000,1,32716,673542,1167806,1228629,11.9662,11.9587,11.9437,11.9543,11.9448,11.9427,11.9452,11.9431,334.85,334.84,70.11,70.1,264.74,264.74,1024
regionft_random-GBDT-Bank-age-d5000000-3,Bank,GBDT,age,regionft_random,3,1361533,5000000,1,32721,705126,1251077,1326246,11.968,11.939,11.9466,11.9409,11.9515,11.9485,11.9474,11.9468,290.89,290.87,60.06,60.05,230.83,230.82,1024
regionft_random-GBDT-Bank-age-d5000000-4,Bank,GBDT,age,regionft_random,4,1253374,5000000,1,32710,680705,1166248,1224451,11.9211,11.9581,11.9481,11.9371,11.9426,11.9431,11.9446,11.9463,325.56,325.55,67.42,67.41,258.14,258.13,1024
regionft_d10-MLP-Adult-sex-d5000000-0,Adult,MLP,sex,regionft_d10,0,203414,5000000,1,2889,96626,188309,201508,11.4643,11.4598,11.4483,11.4514,11.4515,11.4502,11.4516,11.4496,189.5,189.48,93.98,93.97,95.52,95.51,946
regionft_d10-MLP-Adult-sex-d5000000-1,Adult,MLP,sex,regionft_d10,1,195638,5000000,1,2920,93277,181046,193664,11.4485,11.4453,11.4454,11.4445,11.4469,11.4435,11.4449,11.4464,205.24,205.24,106.94,106.94,98.3,98.3,982
regionft_d10-MLP-Adult-sex-d5000000-2,Adult,MLP,sex,regionft_d10,2,191138,5000000,1,2848,94998,178147,189489,11.4568,11.4511,11.4591,11.4536,11.4542,11.4557,11.4525,11.4552,183.46,183.46,85.97,85.97,97.49,97.49,881
regionft_d10-MLP-Adult-sex-d5000000-3,Adult,MLP,sex,regionft_d10,3,207351,5000000,1,2855,96413,190646,205161,11.4544,11.4417,11.4476,11.4424,11.4387,11.4394,11.4437,11.4404,198.92,198.92,101.51,101.51,97.41,97.41,1010
regionft_d10-MLP-Adult-sex-d5000000-4,Adult,MLP,sex,regionft_d10,4,207508,5000000,1,2825,96023,190533,205255,11.4327,11.4476,11.435,11.445,11.4392,11.4441,11.4434,11.4437,196.31,196.3,100.85,100.85,95.46,95.46,990
regionft_random-MLP-Adult-sex-d5000000-0,Adult,MLP,sex,regionft_random,0,72227,5000000,1,2824,51796,69849,71979,11.4416,11.4642,11.4454,11.4464,11.4502,11.4492,11.4521,11.4513,111.26,111.24,25.96,25.96,85.29,85.28,1024
regionft_random-MLP-Adult-sex-d5000000-1,Adult,MLP,sex,regionft_random,1,63309,5000000,1,2809,48720,61915,63150,11.4767,11.4719,11.4865,11.4779,11.4807,11.4801,11.4795,11.4791,110.01,109.99,27.35,27.35,82.66,82.65,1024
regionft_random-MLP-Adult-sex-d5000000-2,Adult,MLP,sex,regionft_random,2,79292,5000000,1,2743,54967,76606,79023,11.479,11.4674,11.4577,11.4694,11.4684,11.4659,11.4675,11.4667,122.01,122.0,28.47,28.47,93.54,93.53,1024
regionft_random-MLP-Adult-sex-d5000000-3,Adult,MLP,sex,regionft_random,3,74858,5000000,1,2761,54001,72832,74652,11.4815,11.4716,11.4742,11.4707,11.4752,11.4731,11.4744,11.4726,124.36,124.36,30.66,30.65,93.71,93.71,1024
regionft_random-MLP-Adult-sex-d5000000-4,Adult,MLP,sex,regionft_random,4,71962,5000000,1,2780,51387,69771,71732,11.4588,11.4708,11.469,11.4671,11.466,11.4653,11.4655,11.4665,124.97,124.97,30.4,30.39,94.58,94.58,1024
regionft_d10-MLP-Adult-race-d5000000-0,Adult,MLP,race,regionft_d10,0,460268,5000000,1,3043,132492,380909,447073,11.4563,11.46,11.4692,11.4714,11.4661,11.4681,11.4684,11.4678,332.86,332.85,141.09,141.09,191.77,191.76,1020
regionft_d10-MLP-Adult-race-d5000000-1,Adult,MLP,race,regionft_d10,1,468059,5000000,1,3051,133318,387968,453959,11.4676,11.4594,11.4675,11.4678,11.471,11.4678,11.4703,11.4682,324.22,324.21,134.85,134.85,189.36,189.36,1009
regionft_d10-MLP-Adult-race-d5000000-2,Adult,MLP,race,regionft_d10,2,453815,5000000,1,3044,131863,377298,440687,11.4785,11.4814,11.4764,11.4717,11.4714,11.4717,11.47,11.4704,316.74,316.74,131.18,131.17,185.56,185.56,984
regionft_d10-MLP-Adult-race-d5000000-3,Adult,MLP,race,regionft_d10,3,456347,5000000,1,3051,132343,378370,442826,11.4429,11.4672,11.47,11.468,11.4682,11.4703,11.467,11.4681,317.36,317.36,133.14,133.14,184.22,184.22,1002
regionft_d10-MLP-Adult-race-d5000000-4,Adult,MLP,race,regionft_d10,4,458408,5000000,1,3036,131351,376387,444117,11.4576,11.4665,11.4718,11.4683,11.4673,11.466,11.4645,11.4656,318.55,318.55,134.5,134.5,184.05,184.05,1005
regionft_random-MLP-Adult-race-d5000000-0,Adult,MLP,race,regionft_random,0,165424,5000000,1,2998,91004,154646,163952,11.4691,11.478,11.4632,11.465,11.4632,11.4632,11.4653,11.464,232.18,232.18,48.49,48.49,183.69,183.69,1024
regionft_random-MLP-Adult-race-d5000000-1,Adult,MLP,race,regionft_random,1,170484,5000000,1,3006,91589,159245,169001,11.4382,11.4874,11.4711,11.4627,11.4664,11.4668,11.4675,11.4651,232.37,232.36,48.95,48.95,183.41,183.41,1024
regionft_random-MLP-Adult-race-d5000000-2,Adult,MLP,race,regionft_random,2,168955,5000000,1,3005,90955,157042,167419,11.4878,11.4837,11.4714,11.4779,11.4761,11.4762,11.4751,11.4758,223.86,223.85,47.28,47.28,176.57,176.57,1024
regionft_random-MLP-Adult-race-d5000000-3,Adult,MLP,race,regionft_random,3,177620,5000000,1,2999,93122,165207,176027,11.4558,11.4738,11.4775,11.4862,11.4759,11.4778,11.4785,11.4776,210.02,210.02,45.13,45.13,164.9,164.9,1024
regionft_random-MLP-Adult-race-d5000000-4,Adult,MLP,race,regionft_random,4,168626,5000000,1,2981,90692,157527,167093,11.4838,11.4589,11.4634,11.4668,11.4681,11.4686,11.4698,11.4699,204.12,204.12,43.34,43.34,160.78,160.78,1024
regionft_d10-LogReg-Adult-sex-d5000000-0,Adult,LogReg,sex,regionft_d10,0,328989,5000000,1,2040,129099,305251,326829,11.4612,11.462,11.4472,11.4525,11.4507,11.4508,11.4507,11.4508,132.86,132.86,64.48,64.47,68.39,68.39,716
regionft_d10-LogReg-Adult-sex-d5000000-1,Adult,LogReg,sex,regionft_d10,1,306012,5000000,1,2038,116982,282588,303696,11.4402,11.4544,11.4471,11.4474,11.4476,11.4473,11.4469,11.4467,111.86,111.85,44.52,44.51,67.34,67.34,504
regionft_d10-LogReg-Adult-sex-d5000000-2,Adult,LogReg,sex,regionft_d10,2,288668,5000000,1,2037,122118,270246,287033,11.4642,11.4596,11.4484,11.4479,11.4499,11.449,11.4493,11.4496,147.94,147.93,80.16,80.16,67.77,67.77,876
regionft_d10-LogReg-Adult-sex-d5000000-3,Adult,LogReg,sex,regionft_d10,3,350265,5000000,1,2042,123624,321316,347460,11.4392,11.435,11.4377,11.4398,11.4391,11.4403,11.4387,11.44,135.14,135.14,66.91,66.91,68.23,68.23,767
regionft_d10-LogReg-Adult-sex-d5000000-4,Adult,LogReg,sex,regionft_d10,4,306202,5000000,1,2035,123830,285296,304314,11.4268,11.4445,11.4435,11.4439,11.447,11.4457,11.4467,11.446,134.11,134.1,65.86,65.85,68.25,68.25,727
regionft_random-LogReg-Adult-sex-d5000000-0,Adult,LogReg,sex,regionft_random,0,57304,5000000,1,1977,46098,56377,57234,11.4423,11.4289,11.4291,11.4297,11.4269,11.4322,11.4298,11.43,89.74,89.74,23.21,23.21,66.53,66.53,1024
regionft_random-LogReg-Adult-sex-d5000000-1,Adult,LogReg,sex,regionft_random,1,57142,5000000,1,1989,45302,56026,57062,11.4284,11.4172,11.4315,11.4292,11.4308,11.4326,11.431,11.4322,88.99,88.99,24.12,24.12,64.87,64.87,1024
regionft_random-LogReg-Adult-sex-d5000000-2,Adult,LogReg,sex,regionft_random,2,75095,5000000,1,1990,54670,73080,74955,11.4384,11.4308,11.4419,11.4438,11.4406,11.4418,11.4416,11.4424,89.18,89.18,23.57,23.57,65.62,65.62,1024
regionft_random-LogReg-Adult-sex-d5000000-3,Adult,LogReg,sex,regionft_random,3,66434,5000000,1,1993,51339,65186,66335,11.4416,11.4397,11.4393,11.4404,11.4425,11.4431,11.4418,11.4426,88.83,88.83,23.82,23.82,65.01,65.01,1024
regionft_random-LogReg-Adult-sex-d5000000-4,Adult,LogReg,sex,regionft_random,4,56189,5000000,1,1980,44999,55317,56118,11.4279,11.4389,11.4295,11.4333,11.4373,11.436,11.4358,11.4353,89.2,89.19,22.3,22.3,66.9,66.89,1024
regionft_d10-LogReg-Adult-race-d5000000-0,Adult,LogReg,race,regionft_d10,0,392024,5000000,1,2042,100135,336091,384411,11.4616,11.446,11.4516,11.4552,11.4536,11.4538,11.4538,11.4541,205.46,205.45,80.38,80.37,125.08,125.08,739
regionft_d10-LogReg-Adult-race-d5000000-1,Adult,LogReg,race,regionft_d10,1,400046,5000000,1,2043,99984,342069,392173,11.4637,11.4454,11.4546,11.4578,11.4559,11.4542,11.4559,11.4551,207.33,207.33,82.39,82.39,124.94,124.94,740
regionft_d10-LogReg-Adult-race-d5000000-2,Adult,LogReg,race,regionft_d10,2,324541,5000000,1,2040,96565,285220,319342,11.4411,11.4459,11.4458,11.4513,11.4516,11.4519,11.4509,11.4522,180.65,180.65,57.25,57.25,123.39,123.39,495
regionft_d10-LogReg-Adult-race-d5000000-3,Adult,LogReg,race,regionft_d10,3,397862,5000000,1,2041,99621,340488,389959,11.4607,11.4408,11.4497,11.4552,11.4507,11.4485,11.4493,11.4502,209.21,209.2,84.34,84.33,124.87,124.87,755
regionft_d10-LogReg-Adult-race-d5000000-4,Adult,LogReg,race,regionft_d10,4,420263,5000000,1,2041,100894,355001,411325,11.4598,11.4546,11.4573,11.451,11.4503,11.452,11.4505,11.4515,205.24,205.24,81.83,81.82,123.41,123.41,755
regionft_random-LogReg-Adult-race-d5000000-0,Adult,LogReg,race,regionft_random,0,63399,5000000,1,1989,45503,61256,63165,11.4478,11.4477,11.4321,11.435,11.4405,11.4372,11.4388,11.4369,135.11,135.11,31.31,31.31,103.8,103.8,1024
regionft_random-LogReg-Adult-race-d5000000-1,Adult,LogReg,race,regionft_random,1,68422,5000000,1,1983,46862,65881,68169,11.4245,11.4488,11.4383,11.4309,11.4367,11.4335,11.4355,11.4344,158.22,158.21,35.31,35.31,122.91,122.91,1024
regionft_random-LogReg-Adult-race-d5000000-2,Adult,LogReg,race,regionft_random,2,84273,5000000,1,1996,52754,79677,83815,11.442,11.4405,11.4364,11.4449,11.4399,11.4385,11.4411,11.4397,158.86,158.85,34.63,34.63,124.23,124.22,1024
regionft_random-LogReg-Adult-race-d5000000-3,Adult,LogReg,race,regionft_random,3,80314,5000000,1,2001,52927,77139,79958,11.44,11.44,11.4459,11.4454,11.4436,11.4442,11.4446,11.4443,155.82,155.82,34.85,34.85,120.97,120.97,1024
regionft_random-LogReg-Adult-race-d5000000-4,Adult,LogReg,race,regionft_random,4,64255,5000000,1,1972,44937,62086,64012,11.4369,11.4449,11.4324,11.4402,11.4363,11.4355,11.4339,11.4346,154.83,154.82,35.19,35.18,119.65,119.64,1024
regionft_d10-LogReg-Adult-age-d5000000-0,Adult,LogReg,age,regionft_d10,0,2384988,5000000,1,2048,113841,1189247,2164252,11.4338,11.4499,11.4492,11.4548,11.4542,11.456,11.4531,11.4534,365.33,365.32,139.89,139.89,225.44,225.44,946
regionft_d10-LogReg-Adult-age-d5000000-1,Adult,LogReg,age,regionft_d10,1,2654525,5000000,1,2048,113303,1238557,2380051,11.4632,11.4568,11.456,11.4577,11.4542,11.4507,11.4514,11.4518,352.09,352.08,129.03,129.02,223.05,223.05,882
regionft_d10-LogReg-Adult-age-d5000000-2,Adult,LogReg,age,regionft_d10,2,2541202,5000000,1,2048,113288,1222832,2287678,11.4467,11.4584,11.4529,11.4556,11.4537,11.4532,11.4537,11.4524,382.93,382.93,146.66,146.65,236.27,236.27,967
regionft_d10-LogReg-Adult-age-d5000000-3,Adult,LogReg,age,regionft_d10,3,2685272,5000000,1,2048,113316,1243559,2405609,11.4663,11.4656,11.4515,11.4539,11.4515,11.4548,11.4555,11.4541,376.71,376.71,142.3,142.29,234.41,234.41,934
regionft_d10-LogReg-Adult-age-d5000000-4,Adult,LogReg,age,regionft_d10,4,2735867,5000000,1,2048,113413,1255844,2447492,11.4637,11.4441,11.4463,11.4502,11.4504,11.4517,11.4507,11.4514,352.75,352.74,124.44,124.43,228.31,228.31,817
regionft_random-LogReg-Adult-age-d5000000-0,Adult,LogReg,age,regionft_random,0,382120,5000000,1,2048,98756,319792,375161,11.4385,11.4517,11.4427,11.4402,11.4382,11.4409,11.4413,11.4407,254.39,254.38,51.6,51.6,202.79,202.78,1024
regionft_random-LogReg-Adult-age-d5000000-1,Adult,LogReg,age,regionft_random,1,383726,5000000,1,2045,98155,320784,376364,11.4504,11.4447,11.4362,11.4384,11.4407,11.4392,11.4431,11.442,243.92,243.92,50.05,50.04,193.88,193.87,1024
regionft_random-LogReg-Adult-age-d5000000-2,Adult,LogReg,age,regionft_random,2,478226,5000000,1,2047,100631,373206,466825,11.4353,11.4487,11.4348,11.4351,11.4328,11.433,11.435,11.4364,235.04,235.04,48.93,48.93,186.11,186.11,1024
regionft_random-LogReg-Adult-age-d5000000-3,Adult,LogReg,age,regionft_random,3,541085,5000000,1,2041,101408,422904,527485,11.3995,11.3885,11.4037,11.4093,11.4085,11.406,11.4045,11.405,276.75,276.75,55.21,55.2,221.55,221.55,1024
regionft_random-LogReg-Adult-age-d5000000-4,Adult,LogReg,age,regionft_random,4,365278,5000000,1,2047,96831,307836,358837,11.4567,11.4446,11.4465,11.4501,11.4471,11.4457,11.4463,11.4474,270.56,270.56,54.54,54.54,216.02,216.02,1024
regionft_d10-GBDT-Credit-age-d5000000-0,Credit,GBDT,age,regionft_d10,0,1252429,5000000,1,344847,1228370,1251657,1252243,14.4447,14.4497,14.4889,14.479,14.4759,14.4738,14.4826,14.4736,388.93,388.89,171.87,171.84,217.06,217.05,1015
regionft_d10-GBDT-Credit-age-d5000000-1,Credit,GBDT,age,regionft_d10,1,1275387,5000000,1,346649,1251496,1274545,1275195,14.4633,14.4511,14.4866,14.4764,14.4678,14.4684,14.4769,14.4735,388.15,388.13,167.74,167.73,220.41,220.4,1016
regionft_d10-GBDT-Credit-age-d5000000-2,Credit,GBDT,age,regionft_d10,2,1235926,5000000,1,344714,1212763,1235172,1235742,14.4586,14.5053,14.4797,14.4827,14.4809,14.4788,14.4799,14.477,384.15,384.13,167.05,167.04,217.1,217.1,1008
regionft_d10-GBDT-Credit-age-d5000000-3,Credit,GBDT,age,regionft_d10,3,1242720,5000000,1,346830,1219662,1242018,1242548,14.4488,14.425,14.4748,14.4872,14.4882,14.4794,14.4737,14.4753,390.48,390.47,168.3,168.29,222.18,222.18,977
regionft_d10-GBDT-Credit-age-d5000000-4,Credit,GBDT,age,regionft_d10,4,1231367,5000000,1,347214,1210316,1230691,1231195,14.4746,14.4874,14.4575,14.4974,14.4805,14.4851,14.4865,14.4816,389.36,389.35,167.53,167.52,221.83,221.83,997
regionft_random-GBDT-Credit-age-d5000000-0,Credit,GBDT,age,regionft_random,0,697563,5000000,1,295139,691729,697363,697512,14.5353,14.5424,14.5555,14.534,14.532,14.5227,14.5273,14.5265,280.6,280.6,62.32,62.32,218.28,218.28,1024
regionft_random-GBDT-Credit-age-d5000000-1,Credit,GBDT,age,regionft_random,1,701724,5000000,1,295949,696094,701548,701679,14.4823,14.489,14.5001,14.5496,14.5283,14.5278,14.5272,14.5274,253.44,253.43,57.2,57.2,196.24,196.24,1024
regionft_random-GBDT-Credit-age-d5000000-2,Credit,GBDT,age,regionft_random,2,696708,5000000,1,293691,691274,696517,696656,14.5316,14.5544,14.5515,14.5381,14.5436,14.5439,14.5432,14.5464,250.73,250.72,56.23,56.22,194.5,194.5,1024
regionft_random-GBDT-Credit-age-d5000000-3,Credit,GBDT,age,regionft_random,3,693390,5000000,1,293514,687276,693204,693344,14.5502,14.5087,14.5382,14.5312,14.5362,14.5301,14.5335,14.532,240.35,240.34,55.94,55.94,184.4,184.4,1024
regionft_random-GBDT-Credit-age-d5000000-4,Credit,GBDT,age,regionft_random,4,700381,5000000,1,290955,694013,700187,700346,14.4696,14.5411,14.5408,14.5208,14.5285,14.525,14.5239,14.525,283.68,283.66,61.21,61.2,222.47,222.46,1024
regionft_d10-MLP-Credit-sex-d5000000-0,Credit,MLP,sex,regionft_d10,0,510025,5000000,1,213752,506828,509981,510012,14.6137,14.5975,14.5935,14.597,14.592,14.5958,14.5938,14.592,168.95,168.95,85.09,85.09,83.85,83.85,939
regionft_d10-MLP-Credit-sex-d5000000-1,Credit,MLP,sex,regionft_d10,1,532445,5000000,1,214419,528875,532390,532433,14.5706,14.5861,14.5998,14.5908,14.5966,14.593,14.5938,14.5935,166.74,166.73,84.43,84.42,82.31,82.31,878
regionft_d10-MLP-Credit-sex-d5000000-2,Credit,MLP,sex,regionft_d10,2,523639,5000000,1,213729,520512,523597,523630,14.5979,14.5865,14.599,14.6003,14.5945,14.5969,14.5942,14.5967,169.12,169.11,85.33,85.33,83.78,83.78,967
regionft_d10-MLP-Credit-sex-d5000000-3,Credit,MLP,sex,regionft_d10,3,541289,5000000,1,213759,537811,541230,541271,14.5855,14.5856,14.582,14.5935,14.5897,14.5947,14.595,14.5954,170.0,170.0,86.04,86.04,83.97,83.96,932
regionft_d10-MLP-Credit-sex-d5000000-4,Credit,MLP,sex,regionft_d10,4,511983,5000000,1,210727,508789,511922,511974,14.5851,14.6041,14.5794,14.6032,14.5925,14.5905,14.5937,14.5964,173.79,173.78,88.28,88.28,85.51,85.51,962
regionft_random-MLP-Credit-sex-d5000000-0,Credit,MLP,sex,regionft_random,0,327994,5000000,1,166099,326668,327973,327991,14.5033,14.5544,14.5799,14.5723,14.5801,14.584,14.5822,14.5819,116.22,116.22,33.48,33.47,82.75,82.74,1024
regionft_random-MLP-Credit-sex-d5000000-1,Credit,MLP,sex,regionft_random,1,283454,5000000,1,155911,282535,283440,283452,14.6167,14.5977,14.5801,14.5955,14.5897,14.5901,14.5896,14.5909,111.64,111.63,31.2,31.2,80.44,80.44,1024
regionft_random-MLP-Credit-sex-d5000000-2,Credit,MLP,sex,regionft_random,2,400304,5000000,1,179837,398513,400274,400298,14.6212,14.6208,14.6051,14.6103,14.6035,14.6051,14.6054,14.6065,106.93,106.93,30.27,30.26,76.66,76.66,1024
regionft_random-MLP-Credit-sex-d5000000-3,Credit,MLP,sex,regionft_random,3,296898,5000000,1,157078,295764,296882,296897,14.6028,14.5949,14.597,14.5997,14.5965,14.5953,14.5973,14.5949,107.69,107.69,31.23,31.23,76.46,76.46,1024
regionft_random-MLP-Credit-sex-d5000000-4,Credit,MLP,sex,regionft_random,4,301555,5000000,1,160088,300609,301536,301551,14.6305,14.596,14.5931,14.5911,14.5925,14.6019,14.5967,14.5969,105.9,105.9,29.75,29.75,76.15,76.15,1024
regionft_d10-MLP-Credit-age-d5000000-0,Credit,MLP,age,regionft_d10,0,1250607,5000000,1,237852,1223194,1249704,1250404,14.5536,14.5916,14.5958,14.5742,14.5854,14.5853,14.5865,14.5839,355.52,355.51,143.56,143.55,211.95,211.95,988
regionft_d10-MLP-Credit-age-d5000000-1,Credit,MLP,age,regionft_d10,1,1259038,5000000,1,235144,1230240,1258036,1258815,14.6088,14.5832,14.5953,14.5894,14.58,14.5842,14.583,14.5869,360.59,360.58,147.52,147.51,213.07,213.07,1018
regionft_d10-MLP-Credit-age-d5000000-2,Credit,MLP,age,regionft_d10,2,1308756,5000000,1,234855,1276806,1307806,1308536,14.6211,14.5892,14.5875,14.5893,14.5923,14.5889,14.5875,14.5867,339.86,339.85,133.97,133.96,205.89,205.89,931
regionft_d10-MLP-Credit-age-d5000000-3,Credit,MLP,age,regionft_d10,3,1328002,5000000,1,237478,1295256,1327003,1327786,14.5451,14.5971,14.587,14.5909,14.5871,14.588,14.5896,14.5901,356.3,356.29,143.32,143.32,212.97,212.97,990
regionft_d10-MLP-Credit-age-d5000000-4,Credit,MLP,age,regionft_d10,4,1308746,5000000,1,236706,1277369,1307795,1308508,14.5326,14.5867,14.5739,14.5826,14.5872,14.5902,14.589,14.5883,364.0,363.99,149.31,149.3,214.69,214.69,1020
regionft_random-MLP-Credit-age-d5000000-0,Credit,MLP,age,regionft_random,0,623965,5000000,1,199801,617073,623754,623921,14.6008,14.5869,14.5882,14.5971,14.5987,14.5964,14.5988,14.5966,265.62,265.61,59.2,59.2,206.42,206.41,1024
regionft_random-MLP-Credit-age-d5000000-1,Credit,MLP,age,regionft_random,1,560451,5000000,1,188687,554631,560250,560407,14.5927,14.5826,14.5821,14.5983,14.5869,14.588,14.5903,14.5891,244.42,244.41,57.24,57.24,187.18,187.17,1024
regionft_random-MLP-Credit-age-d5000000-2,Credit,MLP,age,regionft_random,2,857250,5000000,1,205307,844504,856870,857185,14.6095,14.5931,14.6006,14.5906,14.6019,14.5948,14.5965,14.5954,243.08,243.08,54.62,54.62,188.45,188.45,1024
regionft_random-MLP-Credit-age-d5000000-3,Credit,MLP,age,regionft_random,3,578976,5000000,1,191381,572392,578813,578936,14.6278,14.6061,14.5971,14.5961,14.5925,14.598,14.5986,14.5973,231.24,231.24,53.26,53.25,177.99,177.99,1024
regionft_random-MLP-Credit-age-d5000000-4,Credit,MLP,age,regionft_random,4,588122,5000000,1,194363,582419,587939,588069,14.622,14.582,14.5963,14.5884,14.6012,14.5926,14.5925,14.5953,230.38,230.37,52.72,52.71,177.66,177.66,1024
regionft_d10-LogReg-Credit-sex-d5000000-0,Credit,LogReg,sex,regionft_d10,0,450347,5000000,1,210878,448161,450304,450340,14.6056,14.5976,14.6128,14.6256,14.6176,14.6237,14.6211,14.621,172.11,172.1,92.46,92.46,79.65,79.64,1002
regionft_d10-LogReg-Credit-sex-d5000000-1,Credit,LogReg,sex,regionft_d10,1,463401,5000000,1,212472,461051,463362,463387,14.6487,14.636,14.6185,14.6154,14.6228,14.6233,14.6235,14.6234,175.28,175.28,96.17,96.17,79.11,79.11,998
regionft_d10-LogReg-Credit-sex-d5000000-2,Credit,LogReg,sex,regionft_d10,2,453725,5000000,1,209490,451374,453695,453714,14.6118,14.6245,14.605,14.6213,14.6245,14.6206,14.6201,14.622,171.32,171.31,93.87,93.86,77.45,77.45,1013
regionft_d10-LogReg-Credit-sex-d5000000-3,Credit,LogReg,sex,regionft_d10,3,465972,5000000,1,213135,463547,465934,465963,14.6424,14.6186,14.6236,14.6225,14.6234,14.621,14.622,14.624,172.65,172.64,95.16,95.15,77.49,77.49,994
regionft_d10-LogReg-Credit-sex-d5000000-4,Credit,LogReg,sex,regionft_d10,4,441926,5000000,1,208935,439705,441885,441919,14.6206,14.6217,14.6144,14.6231,14.6198,14.6222,14.6182,14.6188,169.76,169.74,94.15,94.13,75.61,75.61,999
regionft_random-LogReg-Credit-sex-d5000000-0,Credit,LogReg,sex,regionft_random,0,324770,5000000,1,175539,323575,324746,324763,14.602,14.6259,14.6236,14.6187,14.6193,14.6212,14.6199,14.6215,108.86,108.85,30.13,30.13,78.73,78.73,1024
regionft_random-LogReg-Credit-sex-d5000000-1,Credit,LogReg,sex,regionft_random,1,293201,5000000,1,167043,292343,293185,293197,14.5669,14.6284,14.6069,14.6167,14.6139,14.6113,14.6134,14.6126,107.99,107.99,30.64,30.63,77.36,77.36,1024
regionft_random-LogReg-Credit-sex-d5000000-2,Credit,LogReg,sex,regionft_random,2,394272,5000000,1,187633,392555,394240,394270,14.6532,14.6229,14.6208,14.6306,14.6282,14.6259,14.629,14.6271,111.5,111.49,32.31,32.3,79.19,79.19,1024
regionft_random-LogReg-Credit-sex-d5000000-3,Credit,LogReg,sex,regionft_random,3,308121,5000000,1,170011,306962,308098,308116,14.5985,14.6285,14.6181,14.6174,14.6185,14.6177,14.6194,14.6179,106.8,106.79,30.14,30.14,76.66,76.66,1024
regionft_random-LogReg-Credit-sex-d5000000-4,Credit,LogReg,sex,regionft_random,4,306347,5000000,1,171151,305372,306331,306342,14.6024,14.6316,14.6285,14.6186,14.6253,14.6225,14.6219,14.6222,106.68,106.67,30.91,30.91,75.76,75.76,1024
regionft_d10-LogReg-Credit-age-d5000000-0,Credit,LogReg,age,regionft_d10,0,1112266,5000000,1,295345,1092978,1111831,1112157,14.6718,14.6203,14.6246,14.6166,14.6211,14.6184,14.6181,14.6172,329.23,329.22,142.85,142.84,186.38,186.38,1008
regionft_d10-LogReg-Credit-age-d5000000-1,Credit,LogReg,age,regionft_d10,1,1143389,5000000,1,298259,1122547,1142936,1143297,14.6354,14.5882,14.6221,14.6093,14.6172,14.619,14.6161,14.6162,312.26,312.25,128.14,128.14,184.12,184.11,895
regionft_d10-LogReg-Credit-age-d5000000-2,Credit,LogReg,age,regionft_d10,2,1148427,5000000,1,297202,1127855,1147977,1148309,14.6034,14.6124,14.6223,14.6166,14.621,14.623,14.62,14.6195,337.75,337.74,151.76,151.74,186.0,185.99,1022
regionft_d10-LogReg-Credit-age-d5000000-3,Credit,LogReg,age,regionft_d10,3,1147412,5000000,1,298210,1126629,1146966,1147295,14.6158,14.6192,14.617,14.6139,14.6169,14.618,14.6163,14.6189,333.87,333.87,148.76,148.75,185.11,185.11,1015
regionft_d10-LogReg-Credit-age-d5000000-4,Credit,LogReg,age,regionft_d10,4,1132236,5000000,1,295909,1112650,1131777,1132129,14.6449,14.6275,14.6203,14.6226,14.62,14.6168,14.6183,14.6175,337.14,337.12,145.89,145.87,191.25,191.25,1012
regionft_random-LogReg-Credit-age-d5000000-0,Credit,LogReg,age,regionft_random,0,757135,5000000,1,260421,748073,756941,757074,14.6087,14.6453,14.6264,14.6172,14.6122,14.6179,14.6159,14.6158,210.43,210.42,48.28,48.28,162.14,162.14,1024
regionft_random-LogReg-Credit-age-d5000000-1,Credit,LogReg,age,regionft_random,1,685923,5000000,1,254659,678833,685749,685888,14.6199,14.6234,14.6125,14.6131,14.6128,14.6147,14.6141,14.6143,240.25,240.24,56.81,56.8,183.44,183.44,1024
regionft_random-LogReg-Credit-age-d5000000-2,Credit,LogReg,age,regionft_random,2,938573,5000000,1,263386,925051,938210,938491,14.674,14.6238,14.6322,14.6254,14.6291,14.6335,14.6299,14.6314,247.3,247.29,56.41,56.41,190.89,190.88,1024
regionft_random-LogReg-Credit-age-d5000000-3,Credit,LogReg,age,regionft_random,3,720958,5000000,1,253423,712646,720766,720928,14.6091,14.6114,14.602,14.6132,14.6141,14.6138,14.6175,14.6155,230.06,230.05,52.89,52.88,177.17,177.17,1024
regionft_random-LogReg-Credit-age-d5000000-4,Credit,LogReg,age,regionft_random,4,725036,5000000,1,254887,717118,724846,724968,14.6498,14.6242,14.6237,14.6224,14.6233,14.6228,14.6237,14.6229,223.57,223.57,52.09,52.09,171.48,171.48,1024
regionft_d10-DecTree-Credit-sex-d5000000-0,Credit,DecTree,sex,regionft_d10,0,4996834,5000000,1,122617,4282397,4949872,4987539,14.3303,14.2926,14.3029,14.2961,14.2998,14.3012,14.2986,14.2985,99.87,99.87,7.87,7.87,92.0,91.99,49
regionft_d10-DecTree-Credit-sex-d5000000-1,Credit,DecTree,sex,regionft_d10,1,4996800,5000000,1,122623,4283042,4950030,4987467,14.3047,14.2935,14.2976,14.3039,14.2985,14.2976,14.3016,14.3014,102.86,102.86,5.25,5.25,97.61,97.61,32
regionft_d10-DecTree-Credit-sex-d5000000-2,Credit,DecTree,sex,regionft_d10,2,4996940,5000000,1,122641,4284013,4950139,4987486,14.3061,14.3022,14.3021,14.2792,14.3004,14.294,14.2974,14.2956,96.56,96.56,4.24,4.24,92.32,92.32,23
regionft_d10-DecTree-Credit-sex-d5000000-3,Credit,DecTree,sex,regionft_d10,3,4996880,5000000,1,122669,4283153,4949946,4987520,14.2826,14.3097,14.3073,14.3027,14.3043,14.2967,14.3,14.3016,100.43,100.43,6.54,6.54,93.89,93.89,39
regionft_d10-DecTree-Credit-sex-d5000000-4,Credit,DecTree,sex,regionft_d10,4,4996990,5000000,1,122635,4282436,4950133,4987588,14.314,14.2824,14.3249,14.2908,14.2889,14.2961,14.297,14.2972,98.29,98.28,4.26,4.26,94.02,94.02,23
regionft_random-DecTree-Credit-sex-d5000000-0,Credit,DecTree,sex,regionft_random,0,183939,5000000,1,63226,182475,183844,183913,14.2325,14.2012,14.218,14.1934,14.2086,14.2082,14.2056,14.2062,102.93,102.92,30.68,30.67,72.25,72.25,1024
regionft_random-DecTree-Credit-sex-d5000000-1,Credit,DecTree,sex,regionft_random,1,164140,5000000,1,55391,163233,164061,164119,14.1966,14.1869,14.19,14.206,14.2093,14.2002,14.1923,14.1984,101.15,101.14,29.6,29.6,71.55,71.55,1024
regionft_random-DecTree-Credit-sex-d5000000-2,Credit,DecTree,sex,regionft_random,2,324197,5000000,1,71543,319624,323912,324147,14.2028,14.1867,14.1768,14.1789,14.1711,14.178,14.179,14.174,110.03,110.03,31.33,31.33,78.7,78.7,1024
regionft_random-DecTree-Credit-sex-d5000000-3,Credit,DecTree,sex,regionft_random,3,210520,5000000,1,60044,208691,210395,210506,14.1979,14.1697,14.1918,14.1815,14.1766,14.1836,14.1804,14.1813,108.75,108.75,31.3,31.29,77.46,77.46,1024
regionft_random-DecTree-Credit-sex-d5000000-4,Credit,DecTree,sex,regionft_random,4,208670,5000000,1,64672,207066,208558,208654,14.2186,14.278,14.2274,14.2643,14.2452,14.2542,14.2531,14.2507,108.74,108.74,31.8,31.8,76.95,76.94,1024
regionft_d10-DecTree-Credit-age-d5000000-0,Credit,DecTree,age,regionft_d10,0,4935818,5000000,1,185469,4427712,4915442,4931115,14.4387,14.4229,14.4151,14.4182,14.4116,14.4225,14.4208,14.4247,226.24,226.24,20.5,20.49,205.75,205.74,122
regionft_d10-DecTree-Credit-age-d5000000-1,Credit,DecTree,age,regionft_d10,1,4936733,5000000,1,185505,4429544,4916390,4932119,14.4622,14.4362,14.4329,14.4254,14.4256,14.4194,14.4243,14.4229,227.99,227.99,20.26,20.26,207.73,207.73,122
regionft_d10-DecTree-Credit-age-d5000000-2,Credit,DecTree,age,regionft_d10,2,4935125,5000000,1,185495,4427230,4914558,4930401,14.4049,14.4063,14.4332,14.4284,14.4268,14.4207,14.4223,14.4229,235.96,235.96,21.57,21.57,214.4,214.39,120
regionft_d10-DecTree-Credit-age-d5000000-3,Credit,DecTree,age,regionft_d10,3,4934830,5000000,1,185495,4427474,4914690,4930217,14.4302,14.4203,14.4207,14.4129,14.4162,14.4249,14.4204,14.421,233.4,233.39,19.85,19.85,213.55,213.54,120
regionft_d10-DecTree-Credit-age-d5000000-4,Credit,DecTree,age,regionft_d10,4,4935650,5000000,1,185460,4429061,4915545,4930886,14.4488,14.4042,14.419,14.4208,14.4236,14.4247,14.4212,14.4235,232.15,232.14,18.8,18.8,213.34,213.34,120
regionft_random-DecTree-Credit-age-d5000000-0,Credit,DecTree,age,regionft_random,0,713150,5000000,1,150179,697372,712556,713020,14.4147,14.348,14.3425,14.3501,14.3562,14.349,14.3494,14.3517,216.66,216.66,50.94,50.93,165.73,165.73,1024
regionft_random-DecTree-Credit-age-d5000000-1,Credit,DecTree,age,regionft_random,1,550023,5000000,1,133447,541377,549714,549953,14.3802,14.3774,14.3576,14.3663,14.3603,14.3566,14.3574,14.3582,211.24,211.23,49.49,49.49,161.75,161.75,1024
regionft_random-DecTree-Credit-age-d5000000-2,Credit,DecTree,age,regionft_random,2,1186829,5000000,1,160006,1149387,1185315,1186500,14.319,14.3705,14.3739,14.3841,14.3872,14.3827,14.3817,14.3819,204.18,204.18,47.84,47.84,156.34,156.34,1024
regionft_random-DecTree-Credit-age-d5000000-3,Credit,DecTree,age,regionft_random,3,587447,5000000,1,141544,577528,587115,587370,14.3966,14.3981,14.3797,14.3913,14.3906,14.383,14.3866,14.3851,241.41,241.39,52.18,52.17,189.23,189.22,1024
regionft_random-DecTree-Credit-age-d5000000-4,Credit,DecTree,age,regionft_random,4,659961,5000000,1,143071,648145,659427,659839,14.3874,14.4106,14.3864,14.3708,14.3874,14.3812,14.3838,14.3793,233.73,233.72,55.17,55.16,178.56,178.56,1024
regionft_d10-MLP-Bank-age-d5000000-0,Bank,MLP,age,regionft_d10,0,1682533,5000000,1,23539,584152,1370305,1571313,11.9587,11.9281,11.9277,11.9272,11.9317,11.9298,11.9316,11.9321,507.12,507.08,199.94,199.91,307.18,307.17,1002
regionft_d10-MLP-Bank-age-d5000000-1,Bank,MLP,age,regionft_d10,1,1669442,5000000,1,23839,589019,1366916,1560437,11.9541,11.9466,11.9199,11.936,11.9293,11.9317,11.9303,11.931,498.65,498.63,193.82,193.8,304.83,304.83,972
regionft_d10-MLP-Bank-age-d5000000-2,Bank,MLP,age,regionft_d10,2,1686126,5000000,1,23732,587104,1373223,1572636,11.9384,11.9312,11.9415,11.9296,11.9334,11.9335,11.9343,11.934,504.46,504.44,195.48,195.47,308.99,308.98,980
regionft_d10-MLP-Bank-age-d5000000-3,Bank,MLP,age,regionft_d10,3,1700484,5000000,1,23580,586427,1380149,1582975,11.9272,11.9601,11.9433,11.9401,11.9318,11.9348,11.9321,11.9325,510.31,510.28,200.21,200.19,310.09,310.09,1016
regionft_d10-MLP-Bank-age-d5000000-4,Bank,MLP,age,regionft_d10,4,1672653,5000000,1,23655,585606,1363398,1562103,11.8934,11.9211,11.9367,11.9287,11.9362,11.9355,11.9327,11.9328,501.69,501.68,195.88,195.87,305.81,305.81,992
regionft_random-MLP-Bank-age-d5000000-0,Bank,MLP,age,regionft_random,0,848464,5000000,1,22785,446329,757046,820194,11.9076,11.9312,11.9193,11.9146,11.9153,11.9144,11.9178,11.9181,348.23,348.23,70.62,70.62,277.61,277.61,1024
regionft_random-MLP-Bank-age-d5000000-1,Bank,MLP,age,regionft_random,1,819086,5000000,1,22839,446095,738931,793966,11.9055,11.9454,11.9125,11.914,11.9215,11.9229,11.9217,11.9238,330.79,330.79,66.9,66.9,263.88,263.88,1024
regionft_random-MLP-Bank-age-d5000000-2,Bank,MLP,age,regionft_random,2,828539,5000000,1,22632,447013,740961,800989,11.8199,11.8966,11.8958,11.9099,11.908,11.8956,11.9063,11.906,320.85,320.84,66.26,66.26,254.58,254.58,1024
regionft_random-MLP-Bank-age-d5000000-3,Bank,MLP,age,regionft_random,3,1045857,5000000,1,22846,485109,906979,1002201,11.961,11.9179,11.9438,11.9384,11.9295,11.9398,11.9323,11.9327,314.37,314.37,64.16,64.16,250.21,250.21,1024
regionft_random-MLP-Bank-age-d5000000-4,Bank,MLP,age,regionft_random,4,795992,5000000,1,22898,436000,718711,771971,11.8624,11.9425,11.9257,11.9227,11.9305,11.929,11.9285,11.929,309.17,309.14,62.69,62.69,246.48,246.45,1024
regionft_d10-LogReg-Bank-age-d5000000-0,Bank,LogReg,age,regionft_d10,0,504430,5000000,1,11463,238926,446034,481164,11.7931,11.7694,11.7697,11.7791,11.7716,11.7804,11.7743,11.7777,369.54,369.53,147.55,147.55,221.99,221.99,889
regionft_d10-LogReg-Bank-age-d5000000-1,Bank,LogReg,age,regionft_d10,1,528697,5000000,1,11582,240746,464249,503461,11.7337,11.7301,11.7435,11.7439,11.7295,11.7327,11.7342,11.7353,360.83,360.83,141.48,141.48,219.35,219.35,838
regionft_d10-LogReg-Bank-age-d5000000-2,Bank,LogReg,age,regionft_d10,2,522251,5000000,1,11444,245708,459114,497127,11.7159,11.7251,11.7483,11.7462,11.7465,11.7461,11.7457,11.748,324.51,324.51,107.12,107.11,217.39,217.39,650
regionft_d10-LogReg-Bank-age-d5000000-3,Bank,LogReg,age,regionft_d10,3,498863,5000000,1,11475,232597,438954,476464,11.7851,11.8203,11.8,11.8156,11.8117,11.8052,11.8024,11.8028,360.69,360.69,142.12,142.12,218.58,218.57,865
regionft_d10-LogReg-Bank-age-d5000000-4,Bank,LogReg,age,regionft_d10,4,537973,5000000,1,11486,243413,471732,512166,11.8051,11.7856,11.7569,11.779,11.7571,11.7526,11.7583,11.7604,354.84,354.83,131.78,131.78,223.06,223.05,805
regionft_random-LogReg-Bank-age-d5000000-0,Bank,LogReg,age,regionft_random,0,118199,5000000,1,9726,91966,113448,116702,11.6723,11.7325,11.6864,11.7082,11.7085,11.7003,11.7023,11.7035,265.44,265.44,56.65,56.64,208.8,208.8,1024
regionft_random-LogReg-Bank-age-d5000000-1,Bank,LogReg,age,regionft_random,1,117241,5000000,1,9977,91506,112752,115618,11.5824,11.6432,11.694,11.711,11.6774,11.6921,11.6986,11.6933,260.8,260.8,56.02,56.02,204.78,204.78,1024
regionft_random-LogReg-Bank-age-d5000000-2,Bank,LogReg,age,regionft_random,2,128952,5000000,1,9905,97805,122924,126915,11.5918,11.6482,11.6187,11.6559,11.6352,11.642,11.6442,11.6344,243.97,243.97,52.89,52.89,191.08,191.08,1024
regionft_random-LogReg-Bank-age-d5000000-3,Bank,LogReg,age,regionft_random,3,168589,5000000,1,9968,119356,159596,165596,11.7682,11.7905,11.7754,11.777,11.7654,11.7668,11.7624,11.7682,238.7,238.7,51.56,51.56,187.14,187.13,1024
regionft_random-LogReg-Bank-age-d5000000-4,Bank,LogReg,age,regionft_random,4,110549,5000000,1,9758,87555,106631,109233,11.6452,11.6935,11.7035,11.6878,11.6934,11.6997,11.6986,11.6964,231.24,231.24,51.16,51.16,180.08,180.08,1024
regionft_d10-DecTree-Bank-age-d5000000-0,Bank,DecTree,age,regionft_d10,0,3536067,5000000,1,32569,978826,2822290,3255295,11.9189,11.9128,11.9177,11.9067,11.9008,11.9037,11.904,11.9019,359.63,359.63,121.91,121.9,237.73,237.73,643
regionft_d10-DecTree-Bank-age-d5000000-1,Bank,DecTree,age,regionft_d10,1,3487758,5000000,1,32595,957836,2779741,3206174,11.9269,11.8662,11.8855,11.8943,11.9028,11.8967,11.8992,11.8964,353.13,353.11,109.62,109.6,243.51,243.51,578
regionft_d10-DecTree-Bank-age-d5000000-2,Bank,DecTree,age,regionft_d10,2,3591199,5000000,1,32551,962473,2856221,3297174,11.8727,11.9093,11.883,11.886,11.8973,11.8934,11.8905,11.8927,359.05,359.04,118.68,118.67,240.37,240.37,646
regionft_d10-DecTree-Bank-age-d5000000-3,Bank,DecTree,age,regionft_d10,3,3592114,5000000,1,32555,971389,2850831,3300428,11.8557,11.8965,11.9017,11.8908,11.8982,11.9,11.9023,11.8966,343.73,343.72,109.98,109.98,233.75,233.74,587
regionft_d10-DecTree-Bank-age-d5000000-4,Bank,DecTree,age,regionft_d10,4,3445262,5000000,1,32579,969932,2761036,3175405,11.8947,11.9019,11.8999,11.8927,11.8919,11.8943,11.8956,11.8979,346.46,346.45,116.35,116.34,230.11,230.11,627
regionft_random-DecTree-Bank-age-d5000000-0,Bank,DecTree,age,regionft_random,0,1470790,5000000,1,32448,664437,1324034,1419378,11.8351,11.8506,11.85,11.8572,11.857,11.8487,11.8516,11.8496,250.34,250.32,52.59,52.59,197.74,197.73,1024
regionft_random-DecTree-Bank-age-d5000000-1,Bank,DecTree,age,regionft_random,1,1426994,5000000,1,32500,659954,1293486,1380115,11.9071,11.888,11.8476,11.8517,11.8498,11.8571,11.8521,11.8515,245.39,245.39,50.88,50.88,194.51,194.51,1024
regionft_random-DecTree-Bank-age-d5000000-2,Bank,DecTree,age,regionft_random,2,1471911,5000000,1,32445,652944,1328864,1422274,11.8539,11.8826,11.8563,11.8457,11.8483,11.8468,11.853,11.8474,291.2,291.2,58.75,58.74,232.45,232.45,1024
regionft_random-DecTree-Bank-age-d5000000-3,Bank,DecTree,age,regionft_random,3,1519622,5000000,1,32407,677434,1355909,1463832,11.8622,11.8621,11.8474,11.8369,11.8521,11.854,11.8435,11.8509,276.98,276.98,57.77,57.77,219.21,219.21,1024
regionft_random-DecTree-Bank-age-d5000000-4,Bank,DecTree,age,regionft_random,4,1414780,5000000,1,32480,655679,1282948,1369140,11.9033,11.8271,11.8641,11.8479,11.8538,11.8567,11.8508,11.8586,265.44,265.43,55.75,55.74,209.69,209.68,1024
regionft_d10-GBDT-Lsac-sex-d5000000-0,Lsac,GBDT,sex,regionft_d10,0,319449,5000000,1,954,19611,72323,158706,9.28,9.3105,9.2957,9.3162,9.3095,9.3109,9.31,9.3117,200.09,200.07,113.66,113.64,86.43,86.43,945
regionft_d10-GBDT-Lsac-sex-d5000000-1,Lsac,GBDT,sex,regionft_d10,1,287224,5000000,1,961,20659,76746,157921,9.2968,9.2848,9.3227,9.3124,9.3047,9.3132,9.3117,9.3139,198.87,198.87,113.16,113.15,85.72,85.72,966
regionft_d10-GBDT-Lsac-sex-d5000000-2,Lsac,GBDT,sex,regionft_d10,2,338790,5000000,1,954,20898,79672,168400,9.322,9.3206,9.3356,9.3394,9.3388,9.3386,9.3367,9.3293,203.03,203.02,115.13,115.12,87.91,87.91,908
regionft_d10-GBDT-Lsac-sex-d5000000-3,Lsac,GBDT,sex,regionft_d10,3,357056,5000000,1,947,19984,75023,167714,9.3133,9.306,9.2992,9.3015,9.3019,9.3008,9.2984,9.3022,207.41,207.4,120.0,120.0,87.41,87.41,946
regionft_d10-GBDT-Lsac-sex-d5000000-4,Lsac,GBDT,sex,regionft_d10,4,348090,5000000,1,957,18810,72316,164336,9.2647,9.2705,9.2865,9.3015,9.2941,9.2876,9.2811,9.2835,214.16,214.16,124.66,124.66,89.5,89.5,985
regionft_random-GBDT-Lsac-sex-d5000000-0,Lsac,GBDT,sex,regionft_random,0,96505,5000000,1,959,19253,53839,80418,9.4506,9.4463,9.4451,9.4289,9.4372,9.4413,9.442,9.4411,105.03,105.03,24.64,24.63,80.4,80.39,1024
regionft_random-GBDT-Lsac-sex-d5000000-1,Lsac,GBDT,sex,regionft_random,1,86469,5000000,1,959,19218,51471,74445,9.4266,9.4561,9.4315,9.4381,9.4334,9.4337,9.4396,9.4388,103.02,103.01,24.54,24.54,78.48,78.47,1024
regionft_random-GBDT-Lsac-sex-d5000000-2,Lsac,GBDT,sex,regionft_random,2,84996,5000000,1,925,19608,51866,73767,9.4682,9.4552,9.457,9.4489,9.4563,9.4555,9.4517,9.455,100.77,100.77,23.52,23.52,77.25,77.25,1024
regionft_random-GBDT-Lsac-sex-d5000000-3,Lsac,GBDT,sex,regionft_random,3,90880,5000000,1,950,19288,51297,75891,9.3378,9.375,9.4184,9.3892,9.4127,9.4005,9.3985,9.3998,112.92,112.92,25.44,25.43,87.49,87.48,1024
regionft_random-GBDT-Lsac-sex-d5000000-4,Lsac,GBDT,sex,regionft_random,4,117352,5000000,1,956,19279,55724,91995,9.4038,9.4139,9.4169,9.4197,9.411,9.415,9.4122,9.4146,111.82,111.82,26.42,26.42,85.4,85.4,1024
regionft_d10-GBDT-Lsac-race-d5000000-0,Lsac,GBDT,race,regionft_d10,0,1612817,5000000,1,1016,21659,123102,391627,9.4777,9.5063,9.4921,9.4916,9.4946,9.4951,9.4957,9.4974,245.1,245.09,134.67,134.66,110.43,110.43,993
regionft_d10-GBDT-Lsac-race-d5000000-1,Lsac,GBDT,race,regionft_d10,1,1622467,5000000,1,1011,21897,125648,403872,9.5002,9.4992,9.5036,9.4937,9.4909,9.4928,9.4961,9.498,247.57,247.56,137.47,137.46,110.1,110.1,994
regionft_d10-GBDT-Lsac-race-d5000000-2,Lsac,GBDT,race,regionft_d10,2,1584891,5000000,1,1000,21671,123874,396462,9.4929,9.4937,9.5087,9.5044,9.4957,9.5009,9.4959,9.4979,245.23,245.22,134.36,134.35,110.87,110.87,963
regionft_d10-GBDT-Lsac-race-d5000000-3,Lsac,GBDT,race,regionft_d10,3,1676385,5000000,1,1006,21616,123775,392188,9.5081,9.5147,9.495,9.4955,9.4965,9.4959,9.4917,9.4934,250.31,250.3,134.83,134.81,115.49,115.49,939
regionft_d10-GBDT-Lsac-race-d5000000-4,Lsac,GBDT,race,regionft_d10,4,1536103,5000000,1,1018,21934,127797,410027,9.5331,9.5115,9.5087,9.5067,9.5015,9.5032,9.5033,9.5036,253.92,253.9,140.41,140.39,113.51,113.51,988
regionft_random-GBDT-Lsac-race-d5000000-0,Lsac,GBDT,race,regionft_random,0,770452,5000000,1,1007,21770,110574,323859,9.4648,9.497,9.4845,9.4756,9.4884,9.4867,9.4867,9.4861,122.77,122.77,26.44,26.44,96.33,96.33,1024
regionft_random-GBDT-Lsac-race-d5000000-1,Lsac,GBDT,race,regionft_random,1,635494,5000000,1,1013,22265,117450,320040,9.5378,9.5256,9.5026,9.5123,9.5174,9.514,9.5123,9.5133,119.52,119.52,27.21,27.2,92.31,92.31,1024
regionft_random-GBDT-Lsac-race-d5000000-2,Lsac,GBDT,race,regionft_random,2,648613,5000000,1,990,22421,115970,321557,9.5416,9.5038,9.5291,9.5193,9.5215,9.5195,9.5207,9.522,118.04,118.03,27.46,27.46,90.57,90.57,1024
regionft_random-GBDT-Lsac-race-d5000000-3,Lsac,GBDT,race,regionft_random,3,640736,5000000,1,1014,22360,115208,319524,9.5386,9.5197,9.5228,9.5218,9.5213,9.5216,9.523,9.5229,114.21,114.21,25.99,25.99,88.22,88.22,1024
regionft_random-GBDT-Lsac-race-d5000000-4,Lsac,GBDT,race,regionft_random,4,656665,5000000,1,1019,22450,116410,324384,9.497,9.5265,9.5198,9.5193,9.5142,9.5169,9.518,9.5173,142.8,142.8,31.13,31.13,111.67,111.67,1024
regionft_d10-MLP-Lsac-sex-d5000000-0,Lsac,MLP,sex,regionft_d10,0,161875,5000000,1,1020,23461,96070,141973,9.527,9.5304,9.5322,9.5347,9.5334,9.5336,9.534,9.5337,188.45,188.45,112.7,112.7,75.75,75.75,992
regionft_d10-MLP-Lsac-sex-d5000000-1,Lsac,MLP,sex,regionft_d10,1,165181,5000000,1,1017,23364,98959,145473,9.5329,9.52,9.5381,9.5326,9.5332,9.5341,9.5338,9.5341,191.54,191.53,116.59,116.58,74.95,74.95,1016
regionft_d10-MLP-Lsac-sex-d5000000-2,Lsac,MLP,sex,regionft_d10,2,162981,5000000,1,1017,23398,97120,143290,9.5239,9.532,9.5309,9.5316,9.5331,9.5337,9.5329,9.5336,176.81,176.8,102.94,102.94,73.87,73.87,907
regionft_d10-MLP-Lsac-sex-d5000000-3,Lsac,MLP,sex,regionft_d10,3,174085,5000000,1,1016,23579,101388,151905,9.5458,9.535,9.5398,9.5325,9.5334,9.5342,9.5338,9.5339,187.96,187.95,113.88,113.88,74.07,74.07,981
regionft_d10-MLP-Lsac-sex-d5000000-4,Lsac,MLP,sex,regionft_d10,4,149914,5000000,1,1016,23917,94300,133941,9.5365,9.536,9.5356,9.5373,9.5354,9.5361,9.5359,9.5356,190.49,190.49,115.89,115.88,74.6,74.6,993
regionft_random-MLP-Lsac-sex-d5000000-0,Lsac,MLP,sex,regionft_random,0,118638,5000000,1,1011,23219,77311,107546,9.5233,9.5364,9.5377,9.5378,9.5368,9.5366,9.5361,9.5365,100.47,100.47,23.7,23.7,76.77,76.77,1024
regionft_random-MLP-Lsac-sex-d5000000-1,Lsac,MLP,sex,regionft_random,1,125419,5000000,1,1011,23421,79397,113231,9.5494,9.5278,9.536,9.5331,9.5357,9.5371,9.5359,9.5356,96.12,96.12,22.83,22.82,73.29,73.29,1024
regionft_random-MLP-Lsac-sex-d5000000-2,Lsac,MLP,sex,regionft_random,2,128124,5000000,1,1009,23533,80684,115435,9.5339,9.5297,9.5398,9.5381,9.5374,9.538,9.5377,9.5376,93.51,93.51,22.68,22.68,70.83,70.83,1024
regionft_random-MLP-Lsac-sex-d5000000-3,Lsac,MLP,sex,regionft_random,3,114518,5000000,1,1014,23352,76140,104562,9.5223,9.5309,9.5365,9.5379,9.5367,9.5353,9.5363,9.5365,90.8,90.8,22.18,22.18,68.62,68.62,1024
regionft_random-MLP-Lsac-sex-d5000000-4,Lsac,MLP,sex,regionft_random,4,128757,5000000,1,1010,23721,81838,116456,9.537,9.5354,9.5391,9.5354,9.5347,9.5357,9.5355,9.5359,89.56,89.56,21.95,21.95,67.61,67.61,1024
regionft_d10-MLP-Lsac-race-d5000000-0,Lsac,MLP,race,regionft_d10,0,458912,5000000,1,1020,18248,121433,292953,9.5318,9.5341,9.5361,9.5377,9.5353,9.5365,9.5367,9.5364,216.91,216.9,120.87,120.87,96.03,96.03,972
regionft_d10-MLP-Lsac-race-d5000000-1,Lsac,MLP,race,regionft_d10,1,474235,5000000,1,1024,18019,121699,297103,9.5559,9.5362,9.5307,9.5359,9.5354,9.5365,9.5363,9.5361,217.07,217.07,123.1,123.1,93.97,93.97,989
regionft_d10-MLP-Lsac-race-d5000000-2,Lsac,MLP,race,regionft_d10,2,474773,5000000,1,1020,18156,120561,297393,9.5486,9.5434,9.531,9.5389,9.5351,9.5359,9.5361,9.5361,220.93,220.93,127.3,127.3,93.63,93.63,1022
regionft_d10-MLP-Lsac-race-d5000000-3,Lsac,MLP,race,regionft_d10,3,474410,5000000,1,1021,18003,121766,296454,9.5543,9.5413,9.5392,9.5373,9.5363,9.536,9.5358,9.5359,217.0,216.99,125.4,125.39,91.6,91.6,1014
regionft_d10-MLP-Lsac-race-d5000000-4,Lsac,MLP,race,regionft_d10,4,468718,5000000,1,1022,17872,121903,295050,9.5556,9.5365,9.5404,9.5377,9.5368,9.5367,9.5363,9.5365,215.15,215.15,123.23,123.23,91.92,91.92,1006
regionft_random-MLP-Lsac-race-d5000000-0,Lsac,MLP,race,regionft_random,0,291371,5000000,1,1020,18300,102708,212615,9.5442,9.5317,9.5394,9.5382,9.5371,9.5365,9.5371,9.537,123.92,123.92,27.97,27.97,95.94,95.94,1024
regionft_random-MLP-Lsac-race-d5000000-1,Lsac,MLP,race,regionft_random,1,323791,5000000,1,1019,18318,105660,229865,9.5306,9.5423,9.5359,9.5347,9.5336,9.5348,9.5349,9.5347,121.85,121.85,27.99,27.99,93.86,93.86,1024
regionft_random-MLP-Lsac-race-d5000000-2,Lsac,MLP,race,regionft_random,2,311454,5000000,1,1018,18331,103762,222886,9.5375,9.5318,9.5413,9.5356,9.5347,9.5376,9.5378,9.5378,117.03,117.03,28.28,28.28,88.75,88.75,1024
regionft_random-MLP-Lsac-race-d5000000-3,Lsac,MLP,race,regionft_random,3,286227,5000000,1,1017,18262,103188,211875,9.5398,9.5333,9.5357,9.5394,9.5367,9.5362,9.5356,9.5361,113.21,113.21,27.4,27.4,85.81,85.81,1024
regionft_random-MLP-Lsac-race-d5000000-4,Lsac,MLP,race,regionft_random,4,321988,5000000,1,1021,18338,106466,231596,9.5474,9.5406,9.5395,9.538,9.5373,9.5372,9.5373,9.5374,110.17,110.16,26.66,26.66,83.51,83.51,1024
regionft_d10-LogReg-Lsac-sex-d5000000-0,Lsac,LogReg,sex,regionft_d10,0,196326,5000000,1,914,20196,96028,163094,9.5429,9.5415,9.535,9.5385,9.5385,9.539,9.539,9.539,176.38,176.37,108.45,108.45,67.93,67.93,950
regionft_d10-LogReg-Lsac-sex-d5000000-1,Lsac,LogReg,sex,regionft_d10,1,165159,5000000,1,913,19707,89278,141605,9.5254,9.5426,9.5391,9.5383,9.5386,9.5382,9.5388,9.5381,159.99,159.98,94.14,94.13,65.85,65.85,835
regionft_d10-LogReg-Lsac-sex-d5000000-2,Lsac,LogReg,sex,regionft_d10,2,198946,5000000,1,918,20159,98456,166222,9.551,9.5349,9.5436,9.5384,9.5394,9.5395,9.5394,9.5396,171.1,171.1,103.89,103.89,67.21,67.21,923
regionft_d10-LogReg-Lsac-sex-d5000000-3,Lsac,LogReg,sex,regionft_d10,3,200456,5000000,1,923,20270,97374,166634,9.535,9.532,9.5378,9.5392,9.5389,9.5385,9.5387,9.5387,182.51,182.5,114.42,114.42,68.09,68.09,985
regionft_d10-LogReg-Lsac-sex-d5000000-4,Lsac,LogReg,sex,regionft_d10,4,163357,5000000,1,913,19672,88777,139751,9.5479,9.541,9.5419,9.5414,9.5399,9.5408,9.5403,9.5402,172.04,172.04,106.25,106.25,65.79,65.79,972
regionft_random-LogReg-Lsac-sex-d5000000-0,Lsac,LogReg,sex,regionft_random,0,106022,5000000,1,882,19051,66411,95980,9.546,9.5264,9.54,9.5395,9.5386,9.5387,9.5378,9.5387,91.37,91.36,22.76,22.75,68.61,68.61,1024
regionft_random-LogReg-Lsac-sex-d5000000-1,Lsac,LogReg,sex,regionft_random,1,110387,5000000,1,884,19028,67993,99403,9.5489,9.5301,9.5401,9.5408,9.5368,9.5377,9.5381,9.5376,90.95,90.95,22.95,22.95,68.0,68.0,1024
regionft_random-LogReg-Lsac-sex-d5000000-2,Lsac,LogReg,sex,regionft_random,2,143092,5000000,1,859,19553,78806,125534,9.5332,9.5343,9.5355,9.5378,9.5373,9.5361,9.5369,9.5374,87.85,87.85,21.18,21.18,66.67,66.67,1024
regionft_random-LogReg-Lsac-sex-d5000000-3,Lsac,LogReg,sex,regionft_random,3,99783,5000000,1,886,18846,64257,90774,9.5158,9.5339,9.5294,9.5377,9.5383,9.5365,9.5364,9.5366,88.24,88.24,22.39,22.38,65.86,65.86,1024
regionft_random-LogReg-Lsac-sex-d5000000-4,Lsac,LogReg,sex,regionft_random,4,102083,5000000,1,893,18914,64822,92673,9.5318,9.5337,9.5393,9.5423,9.538,9.5397,9.5396,9.5397,85.69,85.69,21.55,21.55,64.14,64.14,1024
regionft_d10-DecTree-Lsac-sex-d5000000-0,Lsac,DecTree,sex,regionft_d10,0,4152658,5000000,1,949,18712,122427,497479,9.4317,9.4604,9.4425,9.4537,9.4459,9.44,9.4387,9.4412,147.78,147.77,65.97,65.97,81.81,81.8,473
regionft_d10-DecTree-Lsac-sex-d5000000-1,Lsac,DecTree,sex,regionft_d10,1,3950212,5000000,1,947,19273,123223,487895,9.4235,9.4289,9.414,9.4209,9.4285,9.4234,9.4243,9.4275,166.9,166.9,82.17,82.16,84.73,84.73,606
regionft_d10-DecTree-Lsac-sex-d5000000-2,Lsac,DecTree,sex,regionft_d10,2,4219573,5000000,1,955,17831,122817,523879,9.4681,9.4382,9.4247,9.4378,9.4429,9.4421,9.4355,9.4424,167.47,167.46,83.64,83.63,83.83,83.83,609
regionft_d10-DecTree-Lsac-sex-d5000000-3,Lsac,DecTree,sex,regionft_d10,3,3993561,5000000,1,947,19193,128187,504986,9.4612,9.457,9.4339,9.4245,9.4158,9.4258,9.4259,9.4261,154.99,154.98,71.57,71.56,83.41,83.41,527
regionft_d10-DecTree-Lsac-sex-d5000000-4,Lsac,DecTree,sex,regionft_d10,4,4194243,5000000,1,943,19338,130594,530065,9.4678,9.4256,9.4279,9.4539,9.4421,9.4411,9.4366,9.439,171.58,171.57,88.43,88.41,83.16,83.16,684
regionft_random-DecTree-Lsac-sex-d5000000-0,Lsac,DecTree,sex,regionft_random,0,674109,5000000,1,929,16873,85738,261039,9.4199,9.3266,9.3584,9.3742,9.3678,9.3751,9.3701,9.3692,92.05,92.05,22.36,22.36,69.69,69.69,1024
regionft_random-DecTree-Lsac-sex-d5000000-1,Lsac,DecTree,sex,regionft_random,1,745192,5000000,1,904,16946,85680,275996,9.3765,9.3955,9.4064,9.4106,9.4109,9.411,9.4111,9.4079,88.4,88.4,21.08,21.08,67.32,67.32,1024
regionft_random-DecTree-Lsac-sex-d5000000-2,Lsac,DecTree,sex,regionft_random,2,862741,5000000,1,886,16582,84660,292436,9.4233,9.4106,9.423,9.4067,9.4071,9.4019,9.4065,9.3975,99.0,98.99,22.63,22.62,76.37,76.37,1024
regionft_random-DecTree-Lsac-sex-d5000000-3,Lsac,DecTree,sex,regionft_random,3,664572,5000000,1,925,16678,85262,260118,9.4312,9.4066,9.3866,9.3921,9.3986,9.3909,9.3955,9.3976,96.85,96.85,23.02,23.02,73.83,73.83,1024
regionft_random-DecTree-Lsac-sex-d5000000-4,Lsac,DecTree,sex,regionft_random,4,692899,5000000,1,928,17094,86900,279873,9.4064,9.4255,9.4604,9.4216,9.429,9.4298,9.4255,9.4282,97.06,97.06,22.81,22.81,74.25,74.25,1024
regionft_d10-DecTree-Lsac-race-d5000000-0,Lsac,DecTree,race,regionft_d10,0,3977814,5000000,1,957,12263,84820,343952,9.4536,9.4299,9.4595,9.46,9.4629,9.4544,9.4546,9.455,158.95,158.93,51.79,51.78,107.16,107.15,348
regionft_d10-DecTree-Lsac-race-d5000000-1,Lsac,DecTree,race,regionft_d10,1,4049596,5000000,1,958,12241,87765,352685,9.4669,9.4806,9.4799,9.4696,9.466,9.4683,9.4599,9.4614,172.88,172.87,64.85,64.84,108.03,108.03,463
regionft_d10-DecTree-Lsac-race-d5000000-2,Lsac,DecTree,race,regionft_d10,2,3905436,5000000,1,953,12225,84513,336705,9.4067,9.4463,9.4663,9.4594,9.4635,9.4533,9.4537,9.4525,169.73,169.72,63.77,63.76,105.96,105.96,456
regionft_d10-DecTree-Lsac-race-d5000000-3,Lsac,DecTree,race,regionft_d10,3,4072068,5000000,1,966,12467,87842,360837,9.4731,9.465,9.4656,9.4606,9.4682,9.4661,9.4656,9.4623,161.84,161.83,56.26,56.25,105.58,105.58,392
regionft_d10-DecTree-Lsac-race-d5000000-4,Lsac,DecTree,race,regionft_d10,4,3867941,5000000,1,965,12249,85681,337330,9.4359,9.4796,9.4631,9.4424,9.4567,9.4528,9.4593,9.4585,156.71,156.7,54.24,54.23,102.47,102.47,378
regionft_random-DecTree-Lsac-race-d5000000-0,Lsac,DecTree,race,regionft_random,0,646148,5000000,1,925,12249,63484,206234,9.4093,9.376,9.4076,9.3943,9.4037,9.3894,9.3942,9.3943,104.59,104.59,25.3,25.3,79.29,79.29,1024
regionft_random-DecTree-Lsac-race-d5000000-1,Lsac,DecTree,race,regionft_random,1,841235,5000000,1,920,12207,63204,220012,9.431,9.4009,9.4124,9.4054,9.403,9.401,9.4041,9.4029,117.35,117.35,26.12,26.12,91.23,91.23,1024
regionft_random-DecTree-Lsac-race-d5000000-2,Lsac,DecTree,race,regionft_random,2,656429,5000000,1,928,12245,64344,220178,9.417,9.4607,9.4279,9.4203,9.4266,9.423,9.4205,9.4221,116.82,116.81,27.63,27.62,89.19,89.19,1024
regionft_random-DecTree-Lsac-race-d5000000-3,Lsac,DecTree,race,regionft_random,3,597177,5000000,1,934,12236,63943,203402,9.4095,9.3863,9.3815,9.3553,9.3719,9.3758,9.3803,9.379,112.6,112.6,25.69,25.69,86.91,86.91,1024
regionft_random-DecTree-Lsac-race-d5000000-4,Lsac,DecTree,race,regionft_random,4,688375,5000000,1,950,12379,66021,217410,9.3879,9.3827,9.4201,9.4039,9.4192,9.3977,9.4075,9.4029,110.16,110.15,25.89,25.89,84.27,84.27,1024
