dataset,model,protected,alpha,repeats,n_idi,n_test,cov2,cov3,cov4,cov5,n_regions,partition_cpu,generation_cpu,real_time,cpu_time
Adult,GBDT,race,0.0,5,28567.8,5000000.0,3343.4,25379.8,28208.4,28512.8,844.8,109.782,143.446,253.238,253.228
Adult,GBDT,race,0.1,5,53446.2,5000000.0,3441.4,42590.6,52026.0,53227.6,844.8,110.176,145.944,256.134,256.116
Adult,GBDT,race,0.25,5,112295.8,5000000.0,3520.6,71128.6,105140.4,111141.2,844.8,110.704,150.33,261.038,261.034
Adult,GBDT,race,0.5,5,217643.4,5000000.0,3526.0,96332.6,185588.0,211705.6,844.8,111.128,151.408,262.538,262.536
Adult,GBDT,race,0.75,5,304925.6,5000000.0,3495.4,102812.4,232428.8,289699.4,844.8,111.152,151.396,262.55,262.55
Adult,GBDT,race,1.0,5,393874.0,5000000.0,3457.2,103144.6,261800.2,361384.2,844.8,114.144,155.706,269.862,269.85
Adult,GBDT,race,2.0,5,831805.4,5000000.0,3251.4,84914.8,283460.4,598332.4,844.8,110.866,158.244,269.112,269.108
Adult,GBDT,race,4.0,5,1479191.6,5000000.0,2517.2,47578.8,211321.4,620660.2,844.8,110.6,159.218,269.826,269.818
Adult,GBDT,race,8.0,5,2696917.4,5000000.0,1227.0,24446.6,97403.8,288160.0,844.8,110.992,158.128,269.13,269.12
Adult,GBDT,race,10.0,5,2927065.2,5000000.0,942.2,15671.2,56498.6,194711.8,844.8,106.84,149.734,256.584,256.574
Adult,GBDT,age,0.0,5,1952705.8,5000000.0,4096.0,326756.8,1513090.6,1908966.0,937.4,176.322,269.526,445.858,445.85
Adult,GBDT,age,0.1,5,2418583.4,5000000.0,4096.0,333810.8,1772122.4,2351169.0,937.4,178.716,274.068,452.796,452.784
Adult,GBDT,age,0.25,5,2869337.4,5000000.0,4096.0,338100.4,1990560.2,2773272.8,937.4,173.086,274.71,447.818,447.798
Adult,GBDT,age,0.5,5,3282524.2,5000000.0,4096.0,340312.0,2159166.0,3153722.8,937.4,173.836,278.4,452.248,452.236
Adult,GBDT,age,0.75,5,3525199.2,5000000.0,4096.0,340920.6,2238503.6,3372658.6,937.4,172.778,278.668,451.46,451.448
Adult,GBDT,age,1.0,5,3690071.4,5000000.0,4096.0,340848.8,2281153.0,3518578.4,937.4,178.388,279.146,457.546,457.532
Adult,GBDT,age,2.0,5,4062855.6,5000000.0,4096.0,338670.6,2325380.8,3833796.0,937.4,176.498,278.83,455.342,455.328
Adult,GBDT,age,4.0,5,4399810.8,5000000.0,4096.0,328848.8,2262452.4,4083375.2,937.4,177.356,267.772,445.148,445.128
Adult,GBDT,age,8.0,5,4667580.8,5000000.0,4096.0,296668.0,2077054.2,4224104.6,937.4,170.816,256.204,427.032,427.02
Adult,GBDT,age,10.0,5,4730835.8,5000000.0,4095.8,280381.4,1997400.0,4239973.4,937.4,168.096,246.694,414.796,414.79
Adult,DecTree,sex,0.0,5,20622.4,5000000.0,1516.6,17592.2,20374.4,20592.6,268.6,27.128,63.702,90.83,90.828
Adult,DecTree,sex,0.1,5,58259.6,5000000.0,1661.8,39261.4,56359.6,58002.2,268.6,27.692,65.166,92.866,92.856
Adult,DecTree,sex,0.25,5,258277.0,5000000.0,1742.0,82269.6,223620.8,253104.8,268.6,26.918,69.498,96.422,96.416
Adult,DecTree,sex,0.5,5,1465430.0,5000000.0,1760.6,107106.4,793841.6,1314115.6,268.6,27.296,76.308,103.614,103.608
Adult,DecTree,sex,0.75,5,2445981.0,5000000.0,1760.6,108427.6,1017045.0,2049206.2,268.6,25.954,79.418,105.37,105.37
Adult,DecTree,sex,1.0,5,2797555.2,5000000.0,1753.4,108247.6,1065700.6,2283774.4,268.6,27.152,87.36,114.518,114.514
Adult,DecTree,sex,2.0,5,3368601.8,5000000.0,1713.8,106870.6,1092061.2,2605088.4,268.6,27.03,84.204,111.236,111.232
Adult,DecTree,sex,4.0,5,3962945.2,5000000.0,1688.4,102987.0,1013015.6,2783872.2,268.6,26.862,85.902,112.766,112.764
Adult,DecTree,sex,8.0,5,4594901.4,5000000.0,1663.4,89329.4,773700.2,2644375.6,268.6,26.562,86.37,112.932,112.928
Adult,DecTree,sex,10.0,5,4748187.8,5000000.0,1637.8,82378.4,672049.4,2518311.6,268.6,25.954,86.404,112.366,112.358
Adult,DecTree,race,0.0,5,20508.0,5000000.0,1004.0,11958.2,19187.8,20311.0,301.6,36.72,116.302,153.032,153.02
Adult,DecTree,race,0.1,5,59884.0,5000000.0,1106.8,19514.4,49173.6,58185.6,301.6,37.228,120.612,157.848,157.844
Adult,DecTree,race,0.25,5,280253.2,5000000.0,1220.2,28325.6,131005.2,245233.8,301.6,37.098,123.526,160.624,160.624
Adult,DecTree,race,0.5,5,1842892.6,5000000.0,1324.8,34521.0,216789.6,955966.4,301.6,35.554,137.408,172.97,172.964
Adult,DecTree,race,0.75,5,3570697.6,5000000.0,1304.8,34492.2,231447.6,1285465.8,301.6,35.654,148.304,183.96,183.956
Adult,DecTree,race,1.0,5,4301753.4,5000000.0,1266.2,32664.0,224500.2,1358725.4,301.6,36.982,152.118,189.104,189.096
Adult,DecTree,race,2.0,5,4906554.2,5000000.0,1094.2,26802.4,199489.6,1380135.6,301.6,35.542,150.292,185.846,185.84
Adult,DecTree,race,4.0,5,4986495.6,5000000.0,991.2,23036.0,185052.0,1368207.0,301.6,36.656,153.536,190.196,190.192
Adult,DecTree,race,8.0,5,4997458.2,5000000.0,911.6,21444.8,179391.0,1361554.2,301.6,35.794,144.102,179.9,179.896
Adult,DecTree,race,10.0,5,4998353.4,5000000.0,889.4,21196.0,178375.0,1360286.0,301.6,35.166,136.808,171.976,171.974
Adult,DecTree,age,0.0,5,2825543.0,5000000.0,4096.0,269150.8,2170406.6,2752190.8,129.6,25.666,237.266,262.938,262.93
Adult,DecTree,age,0.1,5,3948558.0,5000000.0,4096.0,271788.8,2777947.4,3806910.4,129.6,25.752,240.388,266.146,266.14
Adult,DecTree,age,0.25,5,4667750.8,5000000.0,4096.0,272742.2,3116638.4,4471255.4,129.6,25.17,241.23,266.416,266.402
Adult,DecTree,age,0.5,5,4872099.4,5000000.0,4096.0,272955.0,3207037.8,4658326.8,129.6,26.514,248.54,275.064,275.056
Adult,DecTree,age,0.75,5,4903792.4,5000000.0,4096.0,272988.6,3221047.6,4687289.0,129.6,26.24,242.64,268.886,268.882
Adult,DecTree,age,1.0,5,4920836.0,5000000.0,4096.0,273018.2,3228871.0,4702679.8,129.6,30.502,252.718,283.224,283.224
Adult,DecTree,age,2.0,5,4959627.4,5000000.0,4096.0,273095.8,3245527.6,4737750.8,129.6,25.366,243.938,269.308,269.304
Adult,DecTree,age,4.0,5,4985938.4,5000000.0,4096.0,273146.6,3256532.0,4761210.0,129.6,24.288,243.794,268.084,268.078
Adult,DecTree,age,8.0,5,4996272.4,5000000.0,4096.0,273193.2,3260334.8,4770338.8,129.6,25.952,235.794,261.754,261.748
Adult,DecTree,age,10.0,5,4997561.6,5000000.0,4096.0,273206.8,3260700.0,4771333.6,129.6,25.352,225.28,250.638,250.632
Bank,GBDT,age,0.0,5,1162562.2,5000000.0,32739.6,671274.0,1093416.8,1139140.8,909.0,183.768,265.046,448.826,448.814
Bank,GBDT,age,0.1,5,1496858.8,5000000.0,32754.0,764608.4,1382120.8,1457429.4,909.0,184.474,267.344,451.828,451.816
Bank,GBDT,age,0.25,5,1879202.6,5000000.0,32759.0,843766.6,1697403.8,1815660.2,909.0,180.68,263.766,444.454,444.444
Bank,GBDT,age,0.5,5,2293423.2,5000000.0,32763.6,900575.6,2016916.0,2194632.2,909.0,183.272,271.014,454.292,454.29
Bank,GBDT,age,0.75,5,2565834.0,5000000.0,32766.8,922564.6,2212228.4,2437019.2,909.0,184.202,271.75,455.954,455.952
Bank,GBDT,age,1.0,5,2762701.2,5000000.0,32767.6,930519.4,2343109.0,2607299.6,909.0,185.136,272.614,457.758,457.748
Bank,GBDT,age,2.0,5,3233608.2,5000000.0,32767.4,917352.4,2607708.8,2988142.2,909.0,183.454,267.818,451.286,451.278
Bank,GBDT,age,4.0,5,3675674.4,5000000.0,32765.8,862041.6,2756752.6,3279001.6,909.0,183.056,266.492,449.56,449.546
Bank,GBDT,age,8.0,5,4075646.6,5000000.0,32744.4,763785.6,2661115.0,3366610.4,909.0,177.79,258.86,436.658,436.648
Bank,GBDT,age,10.0,5,4209602.4,5000000.0,32689.8,713594.0,2531088.6,3310424.2,909.0,176.802,250.516,427.332,427.316
Adult,GBDT,sex,0.0,5,67264.4,5000000.0,3640.8,56722.0,66353.6,67163.8,869.6,94.428,80.932,175.37,175.362
Adult,GBDT,sex,0.1,5,135414.6,5000000.0,3698.6,97498.4,131591.4,134986.8,869.6,94.582,83.162,177.754,177.744
Adult,GBDT,sex,0.25,5,291909.6,5000000.0,3753.8,156002.6,273368.4,289798.0,869.6,94.59,85.508,180.102,180.098
Adult,GBDT,sex,0.5,5,515920.6,5000000.0,3761.8,196589.0,454709.0,508164.2,869.6,94.218,86.346,180.57,180.562
Adult,GBDT,sex,0.75,5,637194.8,5000000.0,3745.6,204809.0,535707.2,623380.0,869.6,93.694,86.032,179.73,179.73
Adult,GBDT,sex,1.0,5,726155.4,5000000.0,3733.2,205677.6,582785.6,705212.6,869.6,100.08,89.04,189.128,189.12
Adult,GBDT,sex,2.0,5,1022401.8,5000000.0,3667.4,191053.2,656620.0,947803.4,869.6,95.358,88.66,184.026,184.018
Adult,GBDT,sex,4.0,5,1507115.2,5000000.0,3504.4,140884.8,575709.4,1175076.2,869.6,94.046,90.304,184.352,184.348
Adult,GBDT,sex,8.0,5,2014699.4,5000000.0,2709.8,73301.8,338557.4,1058869.2,869.6,94.726,90.384,185.114,185.112
Adult,GBDT,sex,10.0,5,2163690.6,5000000.0,2226.8,55425.8,270085.8,942531.6,869.6,92.968,89.454,182.426,182.42
Adult,MLP,age,0.0,5,668008.0,5000000.0,3099.8,158137.0,558443.6,655109.0,1014.6,197.97,318.624,516.606,516.592
Adult,MLP,age,0.1,5,1026463.6,5000000.0,3099.0,171349.2,785197.6,995467.6,1014.6,197.18,319.594,516.804,516.772
Adult,MLP,age,0.25,5,1501300.6,5000000.0,3092.0,179819.6,1028276.6,1433903.2,1014.6,195.706,317.494,513.21,513.202
Adult,MLP,age,0.5,5,2009921.0,5000000.0,3083.4,182945.4,1224863.2,1884725.0,1014.6,195.362,314.146,509.518,509.506
Adult,MLP,age,0.75,5,2317592.8,5000000.0,3079.4,182236.2,1308952.0,2144732.8,1014.6,195.368,315.488,510.874,510.856
Adult,MLP,age,1.0,5,2528523.8,5000000.0,3075.6,180023.8,1349758.2,2314729.8,1014.6,197.912,330.228,528.16,528.14
Adult,MLP,age,2.0,5,2996217.0,5000000.0,3072.6,168008.8,1374434.2,2651418.8,1014.6,192.998,314.628,507.646,507.624
Adult,MLP,age,4.0,5,3403200.6,5000000.0,3007.6,148088.6,1303846.6,2846214.0,1014.6,189.748,310.396,500.16,500.144
Adult,MLP,age,8.0,5,3772440.8,5000000.0,2713.8,126094.0,1137225.8,2805968.4,1014.6,189.546,300.974,490.536,490.516
Adult,MLP,age,10.0,5,3887537.4,5000000.0,2603.4,118640.8,1060720.0,2714623.2,1014.6,186.266,292.54,478.828,478.804
Credit,GBDT,sex,0.0,5,51733.0,5000000.0,43127.2,51690.4,51730.8,51732.2,817.2,73.726,89.736,163.468,163.46
Credit,GBDT,sex,0.1,5,98075.6,5000000.0,70365.2,97910.0,98068.4,98073.4,817.2,73.448,90.906,164.354,164.354
Credit,GBDT,sex,0.25,5,201774.6,5000000.0,109295.4,201059.6,201753.0,201767.8,817.2,72.854,91.648,164.516,164.506
Credit,GBDT,sex,0.5,5,372203.8,5000000.0,140592.2,369589.0,372106.8,372176.6,817.2,73.918,93.596,167.516,167.51
Credit,GBDT,sex,0.75,5,492044.0,5000000.0,150516.2,487324.0,491853.6,491985.4,817.2,72.65,93.416,166.074,166.07
Credit,GBDT,sex,1.0,5,584083.0,5000000.0,153837.6,577149.0,583802.6,583996.8,817.2,74.726,93.028,167.762,167.756
Credit,GBDT,sex,2.0,5,805233.2,5000000.0,152068.4,789828.2,804548.2,805025.0,817.2,73.376,94.184,167.564,167.562
Credit,GBDT,sex,4.0,5,954594.8,5000000.0,139235.4,925777.8,953250.0,954154.6,817.2,72.788,94.678,167.468,167.466
Credit,GBDT,sex,8.0,5,1060825.4,5000000.0,117118.6,996222.2,1057394.0,1059621.8,817.2,73.842,92.142,165.994,165.98
Credit,GBDT,sex,10.0,5,1093822.2,5000000.0,106996.4,1004333.0,1088784.8,1092004.2,817.2,72.35,91.068,163.426,163.416
Lsac,LogReg,race,0.0,5,234058.4,5000000.0,937.4,14227.2,82051.8,176163.8,961.6,118.748,82.778,201.536,201.524
Lsac,LogReg,race,0.1,5,332409.4,5000000.0,940.8,14543.2,88678.0,224474.4,961.6,117.562,80.974,198.542,198.536
Lsac,LogReg,race,0.25,5,469734.4,5000000.0,946.8,14813.8,93645.4,274879.2,961.6,119.516,84.57,204.098,204.086
Lsac,LogReg,race,0.5,5,636368.8,5000000.0,948.8,15038.2,97240.8,317188.8,961.6,119.164,85.19,204.358,204.352
Lsac,LogReg,race,0.75,5,744260.2,5000000.0,950.8,15126.0,98686.8,335727.4,961.6,118.786,86.3,205.092,205.086
Lsac,LogReg,race,1.0,5,818298.8,5000000.0,950.4,15159.8,99434.6,344541.0,961.6,118.008,84.09,202.106,202.102
Lsac,LogReg,race,2.0,5,1002257.6,5000000.0,946.2,15126.6,99861.6,348086.8,961.6,118.3,88.248,206.554,206.548
Lsac,LogReg,race,4.0,5,1286763.4,5000000.0,935.0,14808.2,95083.6,305843.6,961.6,118.91,90.566,209.486,209.474
Lsac,LogReg,race,8.0,5,1678971.2,5000000.0,858.0,12825.0,70993.0,206162.6,961.6,118.406,88.882,207.3,207.292
Lsac,LogReg,race,10.0,5,1810346.2,5000000.0,787.8,11091.4,61665.8,173339.0,961.6,118.22,89.62,207.852,207.842
Adult,MLP,sex,0.0,5,42633.2,5000000.0,2906.8,36358.6,42208.4,42586.4,961.8,95.214,90.802,186.022,186.02
Adult,MLP,sex,0.1,5,63372.8,5000000.0,2943.0,49914.8,62343.2,63266.6,961.8,93.758,89.914,183.68,183.674
Adult,MLP,sex,0.25,5,95926.8,5000000.0,2957.6,67206.4,93422.8,95638.8,961.8,95.556,92.006,187.566,187.56
Adult,MLP,sex,0.5,5,138215.8,5000000.0,2950.4,83022.6,132379.2,137542.8,961.8,96.204,93.962,190.174,190.166
Adult,MLP,sex,0.75,5,171338.0,5000000.0,2915.6,90989.4,161187.8,170089.0,961.8,95.6,94.986,190.59,190.584
Adult,MLP,sex,1.0,5,201009.8,5000000.0,2867.4,95467.4,185736.2,199015.4,961.8,97.848,96.834,194.686,194.68
Adult,MLP,sex,2.0,5,301020.8,5000000.0,2560.2,99189.0,255378.6,293793.6,961.8,95.132,93.824,188.962,188.954
Adult,MLP,sex,4.0,5,417459.8,5000000.0,2107.2,87904.8,293727.6,389601.8,961.8,96.294,95.658,191.956,191.954
Adult,MLP,sex,8.0,5,564905.4,5000000.0,1978.8,61861.0,246515.6,417446.0,961.8,96.678,96.764,193.444,193.44
Adult,MLP,sex,10.0,5,629816.6,5000000.0,1896.0,50440.0,207701.0,386792.6,961.8,94.534,96.536,191.078,191.076
Adult,MLP,race,0.0,5,117028.4,5000000.0,3029.8,77527.8,113074.2,116494.4,1004.0,136.084,179.702,315.792,315.784
Adult,MLP,race,0.1,5,168983.4,5000000.0,3037.6,96444.0,160692.2,167812.4,1004.0,134.308,180.212,314.524,314.518
Adult,MLP,race,0.25,5,240800.2,5000000.0,3042.8,114115.0,223560.6,238348.8,1004.0,135.112,181.384,316.502,316.494
Adult,MLP,race,0.5,5,329488.0,5000000.0,3041.2,126812.2,295326.8,324324.0,1004.0,134.818,181.716,316.536,316.534
Adult,MLP,race,0.75,5,396814.0,5000000.0,3043.4,131138.0,343058.0,388275.0,1004.0,135.73,183.314,319.048,319.042
Adult,MLP,race,1.0,5,459379.4,5000000.0,3045.0,132273.4,380186.4,445732.4,1004.0,134.95,186.99,321.946,321.942
Adult,MLP,race,2.0,5,716563.2,5000000.0,3030.0,123635.8,457382.6,649138.0,1004.0,134.992,190.744,325.746,325.738
Adult,MLP,race,4.0,5,1233428.2,5000000.0,2873.0,84738.8,402082.6,831389.2,1004.0,136.468,193.08,329.55,329.55
Adult,MLP,race,8.0,5,1693186.4,5000000.0,1882.6,42223.0,250302.0,678581.6,1004.0,135.288,195.014,330.306,330.3
Adult,MLP,race,10.0,5,1801935.6,5000000.0,1609.0,34653.0,209127.8,600804.6,1004.0,132.052,185.406,317.464,317.456
Adult,LogReg,sex,0.0,5,30136.0,5000000.0,1988.0,26901.6,29934.4,30119.6,718.0,64.946,63.35,128.298,128.294
Adult,LogReg,sex,0.1,5,58662.4,5000000.0,2010.2,47246.2,57861.4,58588.2,718.0,62.582,63.254,125.838,125.836
Adult,LogReg,sex,0.25,5,131930.0,5000000.0,2030.0,83461.8,127950.0,131577.4,718.0,64.178,65.002,129.184,129.178
Adult,LogReg,sex,0.5,5,248127.2,5000000.0,2037.0,113914.0,234032.2,246836.8,718.0,64.304,67.272,131.578,131.574
Adult,LogReg,sex,0.75,5,294605.8,5000000.0,2038.6,120851.2,274746.4,292763.0,718.0,63.094,66.468,129.56,129.56
Adult,LogReg,sex,1.0,5,316027.2,5000000.0,2038.4,123130.6,292939.4,313866.4,718.0,64.38,67.996,132.382,132.376
Adult,LogReg,sex,2.0,5,364527.6,5000000.0,2037.8,125468.4,331293.2,361313.8,718.0,63.366,67.102,130.472,130.466
Adult,LogReg,sex,4.0,5,438600.6,5000000.0,2031.6,119454.4,372277.8,431032.4,718.0,64.52,69.232,133.754,133.748
Adult,LogReg,sex,8.0,5,566262.0,5000000.0,1985.6,92550.0,367490.0,524435.6,718.0,65.162,70.492,135.658,135.654
Adult,LogReg,sex,10.0,5,616759.8,5000000.0,1933.4,79678.6,334918.8,534029.8,718.0,63.276,68.238,131.516,131.512
Adult,LogReg,race,0.0,5,36543.4,5000000.0,1997.4,30288.2,36018.6,36481.0,696.8,75.838,116.346,192.19,192.188
Adult,LogReg,race,0.1,5,73452.4,5000000.0,2016.2,51275.4,71335.8,73189.2,696.8,77.254,119.92,197.176,197.176
Adult,LogReg,race,0.25,5,164690.8,5000000.0,2030.0,79605.4,154304.8,163417.8,696.8,75.76,119.278,195.042,195.04
Adult,LogReg,race,0.5,5,303125.8,5000000.0,2036.6,95795.2,269158.8,298655.8,696.8,76.162,121.032,197.2,197.196
Adult,LogReg,race,0.75,5,359585.8,5000000.0,2039.8,98622.0,312133.6,353280.4,696.8,78.392,126.358,204.752,204.75
Adult,LogReg,race,1.0,5,386947.2,5000000.0,2041.4,99439.8,331773.8,379442.0,696.8,77.232,124.338,201.578,201.574
Adult,LogReg,race,2.0,5,446959.2,5000000.0,2038.4,99552.4,368600.4,435761.0,696.8,78.492,127.118,205.616,205.61
Adult,LogReg,race,4.0,5,530109.2,5000000.0,2033.2,94661.4,392089.2,505593.2,696.8,78.096,126.292,204.392,204.388
Adult,LogReg,race,8.0,5,667224.6,5000000.0,1997.8,74696.6,348749.0,558574.2,696.8,75.402,126.094,201.502,201.496
Adult,LogReg,race,10.0,5,722416.4,5000000.0,1964.2,65394.8,307432.0,536261.8,696.8,76.562,125.996,202.564,202.56
Adult,LogReg,age,0.0,5,218743.6,5000000.0,2047.0,88131.0,201006.2,216720.0,909.2,137.912,213.072,350.99,350.986
Adult,LogReg,age,0.1,5,507403.2,5000000.0,2047.8,105340.0,420204.4,496667.8,909.2,137.892,216.698,354.598,354.592
Adult,LogReg,age,0.25,5,1231530.4,5000000.0,2048.0,111689.2,813418.2,1169960.2,909.2,136.416,218.98,355.408,355.396
Adult,LogReg,age,0.5,5,2118766.6,5000000.0,2048.0,113189.2,1115922.0,1942047.0,909.2,134.59,222.748,357.342,357.338
Adult,LogReg,age,0.75,5,2436997.6,5000000.0,2048.0,113435.8,1194667.8,2205511.2,909.2,136.608,234.32,370.94,370.928
Adult,LogReg,age,1.0,5,2600370.8,5000000.0,2048.0,113432.2,1230007.8,2337016.4,909.2,136.456,229.496,365.962,365.956
Adult,LogReg,age,2.0,5,2935211.6,5000000.0,2048.0,113224.0,1285208.0,2591480.2,909.2,139.122,238.39,377.52,377.512
Adult,LogReg,age,4.0,5,3285214.2,5000000.0,2048.0,112408.4,1283292.0,2795444.0,909.2,137.594,236.88,374.484,374.474
Adult,LogReg,age,8.0,5,3696424.0,5000000.0,2048.0,108951.4,1142673.4,2864353.4,909.2,132.802,228.804,361.616,361.6
Adult,LogReg,age,10.0,5,3825030.2,5000000.0,2047.2,105330.2,1065205.2,2826934.0,909.2,132.85,223.82,356.684,356.67
Credit,GBDT,age,0.0,5,632459.4,5000000.0,294229.2,628487.0,632326.2,632427.6,1002.6,171.824,215.326,387.16,387.152
Credit,GBDT,age,0.1,5,742734.6,5000000.0,313489.2,737022.8,742554.4,742688.4,1002.6,168.032,212.41,380.448,380.44
Credit,GBDT,age,0.25,5,868248.0,5000000.0,329711.4,860119.6,867981.8,868183.4,1002.6,169.314,217.314,386.64,386.63
Credit,GBDT,age,0.5,5,1021165.6,5000000.0,341515.2,1008783.4,1020773.4,1021068.4,1002.6,166.988,214.592,381.6,381.58
Credit,GBDT,age,0.75,5,1141983.2,5000000.0,345805.6,1124863.8,1141425.0,1141853.0,1002.6,171.014,220.468,391.494,391.478
Credit,GBDT,age,1.0,5,1247565.8,5000000.0,346050.8,1224521.4,1246816.6,1247384.6,1002.6,168.484,219.712,388.214,388.194
Credit,GBDT,age,2.0,5,1609350.6,5000000.0,327745.0,1546812.2,1607249.2,1608842.4,1002.6,170.262,220.824,391.104,391.084
Credit,GBDT,age,4.0,5,2191065.2,5000000.0,263070.4,1939832.0,2180760.8,2188572.8,1002.6,169.416,221.562,390.99,390.978
Credit,GBDT,age,8.0,5,2798504.2,5000000.0,161427.0,1960749.2,2743245.6,2784483.8,1002.6,166.206,223.796,390.014,390.006
Credit,GBDT,age,10.0,5,2948348.0,5000000.0,132829.4,1841747.2,2859394.2,2925176.8,1002.6,165.806,225.228,391.054,391.034
Credit,MLP,sex,0.0,5,226986.0,5000000.0,141095.8,226459.4,226978.0,226984.0,935.6,86.938,83.714,170.658,170.65
Credit,MLP,sex,0.1,5,307607.6,5000000.0,167864.0,306632.6,307591.2,307604.2,935.6,87.768,85.002,172.77,172.768
Credit,MLP,sex,0.25,5,391735.6,5000000.0,189403.2,390066.8,391712.6,391729.2,935.6,88.136,84.544,172.69,172.682
Credit,MLP,sex,0.5,5,461426.6,5000000.0,203239.0,459016.2,461389.2,461417.0,935.6,86.012,84.036,170.05,170.048
Credit,MLP,sex,0.75,5,497820.4,5000000.0,209275.0,494927.2,497775.4,497808.2,935.6,86.478,85.858,172.34,172.338
Credit,MLP,sex,1.0,5,523876.2,5000000.0,213277.2,520563.0,523824.0,523864.0,935.6,85.832,83.882,169.72,169.714
Credit,MLP,sex,2.0,5,590780.2,5000000.0,221455.6,585849.4,590707.0,590761.6,935.6,88.328,86.188,174.52,174.516
Credit,MLP,sex,4.0,5,686973.4,5000000.0,224414.6,676441.8,686795.2,686926.2,935.6,87.692,86.016,173.712,173.706
Credit,MLP,sex,8.0,5,879066.8,5000000.0,193331.2,824423.4,877511.6,878577.6,935.6,86.47,84.772,171.244,171.24
Credit,MLP,sex,10.0,5,965464.2,5000000.0,166889.8,862429.8,961351.2,964071.2,935.6,81.426,79.056,160.488,160.488
Credit,MLP,age,0.0,5,423032.2,5000000.0,182588.0,420213.0,422963.0,423016.6,989.4,142.648,202.974,345.626,345.622
Credit,MLP,age,0.1,5,587146.8,5000000.0,206414.8,581614.6,587002.8,587118.8,989.4,144.184,206.966,351.164,351.148
Credit,MLP,age,0.25,5,788917.2,5000000.0,224710.8,778632.6,788638.8,788854.6,989.4,143.844,210.028,353.874,353.872
Credit,MLP,age,0.5,5,1016751.8,5000000.0,234954.0,999193.8,1016270.6,1016640.6,989.4,141.724,205.992,347.728,347.718
Credit,MLP,age,0.75,5,1171964.6,5000000.0,237155.8,1147721.8,1171250.6,1171806.4,989.4,143.842,212.806,356.66,356.648
Credit,MLP,age,1.0,5,1291029.8,5000000.0,236407.0,1260573.0,1290068.8,1290809.8,989.4,143.528,211.714,355.254,355.244
Credit,MLP,age,2.0,5,1596027.6,5000000.0,227015.4,1543395.8,1594097.0,1595574.4,989.4,142.372,210.634,353.014,353.004
Credit,MLP,age,4.0,5,1908928.6,5000000.0,206234.0,1812317.2,1904053.6,1907828.2,989.4,144.058,213.294,357.368,357.354
Credit,MLP,age,8.0,5,2235442.8,5000000.0,169752.6,2001332.8,2216365.8,2231567.4,989.4,136.064,200.512,336.588,336.574
Credit,MLP,age,10.0,5,2347667.0,5000000.0,153201.4,2014373.0,2315735.8,2341199.8,989.4,131.392,192.414,323.832,323.814
Credit,LogReg,sex,0.0,5,255466.2,5000000.0,157657.4,254764.6,255454.4,255463.0,1001.2,94.326,75.768,170.1,170.092
Credit,LogReg,sex,0.1,5,298404.8,5000000.0,172211.6,297464.4,298390.2,298400.6,1001.2,96.148,76.488,172.644,172.636
Credit,LogReg,sex,0.25,5,347228.2,5000000.0,186617.6,345926.6,347208.6,347222.4,1001.2,96.05,77.032,173.088,173.084
Credit,LogReg,sex,0.5,5,399784.2,5000000.0,199715.6,398051.6,399751.4,399776.0,1001.2,93.992,76.362,170.364,170.356
Credit,LogReg,sex,0.75,5,432965.0,5000000.0,206717.0,430936.8,432928.8,432956.2,1001.2,94.742,76.838,171.586,171.58
Credit,LogReg,sex,1.0,5,455074.2,5000000.0,210982.0,452767.6,455036.0,455064.6,1001.2,94.354,77.86,172.224,172.214
Credit,LogReg,sex,2.0,5,500443.8,5000000.0,218922.6,497540.4,500393.2,500429.0,1001.2,94.298,77.08,171.38,171.38
Credit,LogReg,sex,4.0,5,538910.2,5000000.0,224645.2,534990.6,538828.2,538889.0,1001.2,96.53,78.514,175.048,175.044
Credit,LogReg,sex,8.0,5,591837.2,5000000.0,219788.8,583490.4,591590.6,591767.6,1001.2,95.496,78.858,174.36,174.358
Credit,LogReg,sex,10.0,5,615497.2,5000000.0,209939.6,601783.2,615024.0,615345.0,1001.2,93.694,76.196,169.896,169.89
Credit,LogReg,age,0.0,5,600620.4,5000000.0,246636.2,595258.4,600501.8,600590.6,990.4,140.506,181.16,321.672,321.668
Credit,LogReg,age,0.1,5,710676.4,5000000.0,262228.4,703122.0,710506.0,710627.8,990.4,140.168,180.756,320.934,320.926
Credit,LogReg,age,0.25,5,838306.6,5000000.0,276313.2,827744.0,838082.8,838246.0,990.4,140.67,184.004,324.678,324.676
Credit,LogReg,age,0.5,5,983366.2,5000000.0,288063.4,968543.6,983042.0,983282.8,990.4,142.318,189.42,331.744,331.736
Credit,LogReg,age,0.75,5,1075716.2,5000000.0,294076.8,1058000.0,1075335.2,1075611.8,990.4,144.194,190.236,334.44,334.43
Credit,LogReg,age,1.0,5,1136746.0,5000000.0,296985.0,1116531.8,1136297.4,1136637.4,990.4,143.468,186.568,330.05,330.04
Credit,LogReg,age,2.0,5,1260403.0,5000000.0,302143.2,1234078.8,1259810.2,1260253.2,990.4,141.296,192.706,334.014,334.002
Credit,LogReg,age,4.0,5,1359527.8,5000000.0,305293.8,1324378.0,1358719.4,1359316.0,990.4,140.746,185.708,326.464,326.458
Credit,LogReg,age,8.0,5,1470641.4,5000000.0,301734.0,1409426.8,1468995.0,1470148.0,990.4,136.244,177.576,313.828,313.82
Credit,LogReg,age,10.0,5,1518479.6,5000000.0,294715.2,1434490.4,1515889.0,1517697.6,990.4,136.236,176.304,312.562,312.544
Credit,DecTree,sex,0.0,5,79240.0,5000000.0,46330.2,79015.0,79229.0,79238.8,33.2,5.786,71.188,76.976,76.976
Credit,DecTree,sex,0.1,5,242129.2,5000000.0,81034.0,240084.4,242018.0,242109.4,33.2,5.688,72.368,78.06,78.054
Credit,DecTree,sex,0.25,5,1111514.4,5000000.0,115309.0,1069977.6,1109169.8,1111043.4,33.2,5.81,77.886,83.698,83.698
Credit,DecTree,sex,0.5,5,4178004.6,5000000.0,122483.2,3663715.4,4145195.0,4171479.2,33.2,5.604,89.308,94.914,94.912
Credit,DecTree,sex,0.75,5,4945282.8,5000000.0,122630.6,4244567.0,4899408.2,4936104.6,33.2,5.838,93.016,98.854,98.852
Credit,DecTree,sex,1.0,5,4996888.8,5000000.0,122637.0,4283008.2,4950024.0,4987520.0,33.2,5.632,93.966,99.602,99.6
Credit,DecTree,sex,2.0,5,4999993.4,5000000.0,122638.4,4285287.8,4953074.2,4990610.2,33.2,5.744,92.468,98.21,98.21
Credit,DecTree,sex,4.0,5,4999993.4,5000000.0,122638.4,4285287.8,4953074.2,4990610.2,33.2,5.828,93.8,99.63,99.628
Credit,DecTree,sex,8.0,5,4999993.4,5000000.0,122638.4,4285287.8,4953074.2,4990610.2,33.2,5.692,93.246,98.938,98.938
Credit,DecTree,sex,10.0,5,4999993.4,5000000.0,122638.4,4285287.8,4953074.2,4990610.2,33.2,5.728,92.974,98.704,98.702
Credit,DecTree,age,0.0,5,343774.2,5000000.0,127762.2,340980.4,343681.6,343752.0,120.8,20.582,176.766,197.356,197.348
Credit,DecTree,age,0.1,5,941761.6,5000000.0,166306.4,921265.8,941025.0,941593.4,120.8,20.452,180.384,200.842,200.836
Credit,DecTree,age,0.25,5,2795492.4,5000000.0,183260.2,2624049.8,2789038.6,2794008.6,120.8,19.458,195.704,215.168,215.162
Credit,DecTree,age,0.5,5,4703359.6,5000000.0,185475.8,4241091.0,4685058.8,4699102.4,120.8,20.858,207.142,228.006,227.996
Credit,DecTree,age,0.75,5,4910291.8,5000000.0,185524.0,4408270.2,4890214.4,4905648.0,120.8,20.122,209.866,229.994,229.986
Credit,DecTree,age,1.0,5,4935631.2,5000000.0,185484.8,4428204.2,4915325.0,4930947.6,120.8,20.194,210.948,231.148,231.144
Credit,DecTree,age,2.0,5,4966691.8,5000000.0,185431.4,4452388.6,4945911.8,4961888.8,120.8,20.728,210.968,231.702,231.692
Credit,DecTree,age,4.0,5,4985517.8,5000000.0,185305.6,4465694.6,4964498.6,4980643.0,120.8,19.626,206.73,226.36,226.358
Credit,DecTree,age,8.0,5,4994364.0,5000000.0,185157.6,4470382.2,4973056.0,4989462.4,120.8,20.074,206.66,226.738,226.73
Credit,DecTree,age,10.0,5,4995867.0,5000000.0,185106.6,4470878.0,4974485.4,4990920.4,120.8,19.25,203.382,222.638,222.634
Bank,MLP,age,0.0,5,551028.4,5000000.0,23564.2,364600.4,522009.4,541627.6,992.4,194.858,301.942,496.81,496.8
Bank,MLP,age,0.1,5,796543.0,5000000.0,23800.0,453538.0,735566.0,776484.8,992.4,191.868,296.942,488.818,488.808
Bank,MLP,age,0.25,5,1083531.8,5000000.0,23884.8,525883.0,968966.6,1045002.0,992.4,191.704,298.936,490.648,490.64
Bank,MLP,age,0.5,5,1369105.0,5000000.0,23841.2,569768.6,1179399.0,1303719.0,992.4,196.212,304.542,500.766,500.756
Bank,MLP,age,0.75,5,1548205.6,5000000.0,23770.0,583406.4,1295335.4,1458861.8,992.4,195.626,305.272,500.916,500.9
Bank,MLP,age,1.0,5,1682247.6,5000000.0,23669.0,586461.6,1370798.2,1569892.8,992.4,197.048,307.376,504.446,504.422
Bank,MLP,age,2.0,5,2034102.2,5000000.0,23168.4,567022.4,1503236.6,1824989.6,992.4,192.632,295.044,487.688,487.674
Bank,MLP,age,4.0,5,2439594.0,5000000.0,21464.2,502459.0,1483862.2,1991834.6,992.4,188.516,285.66,474.192,474.176
Bank,MLP,age,8.0,5,2852997.2,5000000.0,16997.2,391350.2,1222456.6,1884785.8,992.4,187.862,285.79,473.674,473.654
Bank,MLP,age,10.0,5,2961496.8,5000000.0,15359.6,348740.6,1106814.8,1782935.6,992.4,183.618,276.828,460.46,460.448
Bank,LogReg,age,0.0,5,55195.8,5000000.0,9734.8,49797.2,54476.8,54946.2,809.4,134.932,208.22,343.162,343.152
Bank,LogReg,age,0.1,5,107715.6,5000000.0,10562.6,88529.6,104956.8,106702.8,809.4,131.022,202.774,333.796,333.796
Bank,LogReg,age,0.25,5,227533.4,5000000.0,11150.2,154332.6,215474.4,223079.4,809.4,132.04,207.72,339.77,339.762
Bank,LogReg,age,0.5,5,396759.4,5000000.0,11416.8,213899.0,360843.2,383087.6,809.4,133.39,215.854,349.25,349.244
Bank,LogReg,age,0.75,5,474665.2,5000000.0,11492.0,232557.4,423151.6,454811.6,809.4,134.174,219.928,354.108,354.104
Bank,LogReg,age,1.0,5,518442.8,5000000.0,11490.0,240278.0,456016.6,494076.4,809.4,134.008,220.07,354.082,354.078
Bank,LogReg,age,2.0,5,627429.8,5000000.0,11462.6,249304.6,524585.4,583573.2,809.4,133.332,219.526,352.86,352.858
Bank,LogReg,age,4.0,5,840674.8,5000000.0,11171.0,227797.8,565922.4,690628.6,809.4,130.506,217.46,347.974,347.966
Bank,LogReg,age,8.0,5,1169340.8,5000000.0,9002.0,142441.8,423687.4,609939.0,809.4,126.298,202.884,329.192,329.178
Bank,LogReg,age,10.0,5,1245696.6,5000000.0,7482.2,114263.6,356531.0,532994.8,809.4,123.13,193.258,316.41,316.388
Bank,DecTree,age,0.0,5,1232342.8,5000000.0,32546.6,658916.2,1148838.6,1202666.0,616.2,117.156,228.342,345.508,345.5
Bank,DecTree,age,0.1,5,1806378.0,5000000.0,32590.0,790766.2,1628628.6,1741633.6,616.2,114.93,226.556,341.492,341.486
Bank,DecTree,age,0.25,5,2428245.0,5000000.0,32598.0,885628.6,2107586.4,2308857.8,616.2,116.404,230.38,346.788,346.782
Bank,DecTree,age,0.5,5,2976301.0,5000000.0,32590.0,939673.8,2487828.0,2790106.8,616.2,115.57,233.842,349.414,349.412
Bank,DecTree,age,0.75,5,3299276.4,5000000.0,32586.0,959487.2,2686757.8,3060877.2,616.2,113.53,232.066,345.612,345.596
Bank,DecTree,age,1.0,5,3530480.0,5000000.0,32569.8,968091.2,2814023.8,3246895.2,616.2,115.298,237.092,352.4,352.39
Bank,DecTree,age,2.0,5,4072332.8,5000000.0,32480.6,964518.2,3034181.8,3639152.4,616.2,116.99,238.246,355.246,355.236
Bank,DecTree,age,4.0,5,4538892.4,5000000.0,32179.2,908971.4,3077414.8,3882711.8,616.2,113.404,231.576,344.99,344.982
Bank,DecTree,age,8.0,5,4837442.4,5000000.0,30930.4,800927.2,2971787.4,3939491.8,616.2,110.826,216.96,327.792,327.786
Bank,DecTree,age,10.0,5,4888131.6,5000000.0,30277.4,767724.4,2928791.2,3929559.2,616.2,111.484,224.01,335.508,335.492
Lsac,GBDT,sex,0.0,5,49824.6,5000000.0,990.6,18384.8,39548.6,46890.4,950.0,115.358,81.78,197.152,197.138
Lsac,GBDT,sex,0.1,5,62211.2,5000000.0,992.2,19269.0,45947.0,57199.0,950.0,117.818,82.77,200.594,200.59
Lsac,GBDT,sex,0.25,5,85447.0,5000000.0,985.6,20153.6,54766.6,74596.6,950.0,115.408,82.01,197.422,197.418
Lsac,GBDT,sex,0.5,5,142831.6,5000000.0,985.2,20819.6,66664.6,108240.4,950.0,118.584,85.824,204.418,204.406
Lsac,GBDT,sex,0.75,5,226264.4,5000000.0,972.0,20679.6,73180.0,140323.2,950.0,115.192,85.794,200.99,200.982
Lsac,GBDT,sex,1.0,5,330121.8,5000000.0,954.6,19992.4,75216.0,163415.4,950.0,117.314,87.394,204.712,204.704
Lsac,GBDT,sex,2.0,5,711991.6,5000000.0,756.0,15809.0,67812.2,176169.2,950.0,115.688,88.312,204.006,204.004
Lsac,GBDT,sex,4.0,5,1299042.6,5000000.0,576.0,11508.4,50357.0,125326.8,950.0,117.604,90.17,207.778,207.772
Lsac,GBDT,sex,8.0,5,2075860.2,5000000.0,461.6,6165.2,21990.0,44751.2,950.0,115.896,89.316,205.222,205.21
Lsac,GBDT,sex,10.0,5,2268790.2,5000000.0,396.2,4376.6,13892.0,27548.8,950.0,116.888,87.49,204.386,204.378
Lsac,GBDT,race,0.0,5,401892.2,5000000.0,1023.2,23236.8,123331.2,273663.4,975.4,137.264,104.146,241.418,241.41
Lsac,GBDT,race,0.1,5,507606.0,5000000.0,1023.2,23260.6,128132.6,309926.6,975.4,136.824,104.184,241.016,241.008
Lsac,GBDT,race,0.25,5,679900.6,5000000.0,1023.0,23239.2,131776.2,350291.6,975.4,138.812,108.954,247.77,247.764
Lsac,GBDT,race,0.5,5,996172.0,5000000.0,1021.0,22893.0,132500.0,388059.6,975.4,139.888,111.646,251.542,251.534
Lsac,GBDT,race,0.75,5,1317481.0,5000000.0,1017.4,22388.0,129581.4,400931.0,975.4,139.95,115.986,255.954,255.938
Lsac,GBDT,race,1.0,5,1606532.6,5000000.0,1010.2,21755.4,124839.2,398835.2,975.4,136.334,112.08,248.426,248.414
Lsac,GBDT,race,2.0,5,2344653.4,5000000.0,946.0,18769.0,103712.2,352084.2,975.4,138.566,116.566,255.14,255.132
Lsac,GBDT,race,4.0,5,2965595.6,5000000.0,831.8,13972.2,79771.2,279468.0,975.4,136.996,119.026,256.026,256.02
Lsac,GBDT,race,8.0,5,3662522.6,5000000.0,677.2,10571.6,56028.4,177233.2,975.4,136.69,120.99,257.69,257.682
Lsac,GBDT,race,10.0,5,3870740.0,5000000.0,645.6,9366.8,45420.0,137707.6,975.4,132.314,110.294,242.622,242.608
Lsac,MLP,sex,0.0,5,87171.2,5000000.0,1016.8,22878.4,67418.0,82244.4,977.8,110.156,71.064,181.228,181.222
Lsac,MLP,sex,0.1,5,98905.0,5000000.0,1017.6,23277.8,73730.6,92526.4,977.8,111.552,72.508,184.066,184.058
Lsac,MLP,sex,0.25,5,112822.2,5000000.0,1018.0,23564.6,80601.6,104403.8,977.8,111.006,72.074,183.084,183.08
Lsac,MLP,sex,0.5,5,132467.2,5000000.0,1017.2,23698.0,88768.0,120484.6,977.8,113.166,74.444,187.612,187.606
Lsac,MLP,sex,0.75,5,148439.8,5000000.0,1017.4,23658.2,93935.8,132821.0,977.8,112.952,74.372,187.326,187.324
Lsac,MLP,sex,1.0,5,162807.2,5000000.0,1017.2,23543.8,97567.4,143316.4,977.8,112.396,74.648,187.05,187.044
Lsac,MLP,sex,2.0,5,207533.8,5000000.0,1013.8,22716.2,101738.8,169954.6,977.8,110.602,74.928,185.536,185.532
Lsac,MLP,sex,4.0,5,284408.2,5000000.0,1000.4,20512.8,91143.4,183441.8,977.8,110.694,74.138,184.836,184.832
Lsac,MLP,sex,8.0,5,496889.4,5000000.0,907.6,14522.0,53310.6,122026.8,977.8,110.098,75.086,185.19,185.18
Lsac,MLP,sex,10.0,5,603185.4,5000000.0,822.8,10860.8,36364.2,88124.8,977.8,108.044,71.132,179.186,179.18
Lsac,MLP,race,0.0,5,218004.2,5000000.0,1021.2,18268.0,101863.2,177742.0,1000.6,125.148,91.932,217.084,217.078
Lsac,MLP,race,0.1,5,256374.2,5000000.0,1021.4,18334.8,108164.2,201537.8,1000.6,124.684,91.834,216.52,216.514
Lsac,MLP,race,0.25,5,306691.0,5000000.0,1022.4,18380.8,114196.4,229755.0,1000.6,124.66,93.004,217.678,217.664
Lsac,MLP,race,0.5,5,375077.8,5000000.0,1021.6,18333.2,119337.6,262369.6,1000.6,125.21,94.436,219.654,219.646
Lsac,MLP,race,0.75,5,427667.2,5000000.0,1021.6,18189.6,121168.4,282780.0,1000.6,127.988,97.826,225.822,225.814
Lsac,MLP,race,1.0,5,470209.6,5000000.0,1021.4,18059.6,121472.4,295790.6,1000.6,123.978,93.43,217.412,217.408
Lsac,MLP,race,2.0,5,584337.6,5000000.0,1022.0,17360.8,117730.8,312542.2,1000.6,125.356,95.906,221.264,221.26
Lsac,MLP,race,4.0,5,741663.2,5000000.0,1019.6,16092.6,102751.6,291601.2,1000.6,127.054,97.724,224.788,224.784
Lsac,MLP,race,8.0,5,1071252.2,5000000.0,994.2,12759.6,67228.8,187944.0,1000.6,123.13,94.06,217.198,217.192
Lsac,MLP,race,10.0,5,1215496.2,5000000.0,943.6,10947.8,50354.0,134342.2,1000.6,120.08,87.924,208.012,208.004
Lsac,LogReg,sex,0.0,5,71422.4,5000000.0,897.0,17833.0,54051.8,67116.6,933.0,103.978,63.774,167.752,167.752
Lsac,LogReg,sex,0.1,5,94246.0,5000000.0,908.0,18617.2,65608.2,86769.2,933.0,102.526,63.704,166.236,166.234
Lsac,LogReg,sex,0.25,5,122757.2,5000000.0,912.0,19258.8,77084.8,110202.6,933.0,103.988,64.208,168.2,168.196
Lsac,LogReg,sex,0.5,5,152587.8,5000000.0,916.2,19696.0,86642.6,133081.6,933.0,105.476,67.668,173.148,173.144
Lsac,LogReg,sex,0.75,5,171339.0,5000000.0,917.8,19901.6,91362.8,146567.6,933.0,106.506,67.876,174.39,174.386
Lsac,LogReg,sex,1.0,5,184848.8,5000000.0,916.2,20000.8,93982.6,155461.2,933.0,105.428,66.974,172.404,172.398
Lsac,LogReg,sex,2.0,5,224830.4,5000000.0,913.6,20016.8,97197.4,175020.6,933.0,102.844,67.772,170.622,170.616
Lsac,LogReg,sex,4.0,5,302591.0,5000000.0,895.0,19117.0,88644.2,177813.8,933.0,103.256,68.376,171.64,171.63
Lsac,LogReg,sex,8.0,5,444411.8,5000000.0,784.8,13598.2,56860.2,125028.6,933.0,104.042,68.474,172.516,172.516
Lsac,LogReg,sex,10.0,5,493205.4,5000000.0,692.0,10820.2,45657.0,101442.2,933.0,102.512,65.874,168.39,168.386
Lsac,DecTree,sex,0.0,5,298843.8,5000000.0,954.2,18118.0,89010.8,198839.0,579.8,79.274,68.012,147.292,147.286
Lsac,DecTree,sex,0.1,5,666503.8,5000000.0,956.6,19226.8,108799.4,311821.4,579.8,78.714,70.206,148.928,148.92
Lsac,DecTree,sex,0.25,5,1571180.2,5000000.0,958.4,19779.0,125169.0,433804.8,579.8,78.132,75.356,153.496,153.486
Lsac,DecTree,sex,0.5,5,2977946.4,5000000.0,957.6,19664.4,131434.4,503696.2,579.8,78.09,82.802,160.898,160.894
Lsac,DecTree,sex,0.75,5,3718082.4,5000000.0,951.8,19257.6,129154.2,513014.6,579.8,78.074,81.986,160.07,160.058
Lsac,DecTree,sex,1.0,5,4102049.4,5000000.0,948.2,18869.4,125449.6,508860.8,579.8,78.346,83.386,161.744,161.736
Lsac,DecTree,sex,2.0,5,4626890.4,5000000.0,924.2,17843.4,112874.8,482677.4,579.8,78.736,84.884,163.63,163.62
Lsac,DecTree,sex,4.0,5,4862116.0,5000000.0,853.0,16613.8,102733.8,446759.0,579.8,78.488,85.03,163.53,163.52
Lsac,DecTree,sex,8.0,5,4950062.6,5000000.0,708.6,15201.4,94313.0,411086.8,579.8,76.364,84.088,160.464,160.454
Lsac,DecTree,sex,10.0,5,4960865.0,5000000.0,660.8,14661.2,91952.6,403741.8,579.8,76.944,84.838,161.794,161.782
Lsac,DecTree,race,0.0,5,274138.8,5000000.0,964.4,12301.2,67855.4,165395.2,407.4,59.756,80.354,140.118,140.11
Lsac,DecTree,race,0.1,5,632759.4,5000000.0,971.2,12468.8,79706.8,245891.8,407.4,61.058,84.614,145.674,145.672
Lsac,DecTree,race,0.25,5,1545815.2,5000000.0,973.4,12556.6,87230.0,318615.8,407.4,59.666,89.316,148.99,148.984
Lsac,DecTree,race,0.5,5,2889128.6,5000000.0,971.8,12493.4,88888.4,350345.0,407.4,59.494,100.48,159.978,159.976
Lsac,DecTree,race,0.75,5,3579167.0,5000000.0,966.4,12385.8,87680.0,351103.4,407.4,60.508,103.118,163.638,163.628
Lsac,DecTree,race,1.0,5,3974571.0,5000000.0,959.8,12289.0,86124.2,346301.8,407.4,58.172,105.838,164.022,164.01
Lsac,DecTree,race,2.0,5,4586773.4,5000000.0,917.6,11919.0,79663.6,320692.0,407.4,58.134,104.25,162.394,162.386
Lsac,DecTree,race,4.0,5,4851068.2,5000000.0,856.8,11396.8,68996.8,285056.0,407.4,60.698,106.18,166.886,166.882
Lsac,DecTree,race,8.0,5,4950382.4,5000000.0,785.8,10241.2,57982.8,253950.6,407.4,59.042,103.54,162.59,162.584
Lsac,DecTree,race,10.0,5,4965522.2,5000000.0,748.6,9587.4,54500.8,246672.8,407.4,58.952,103.084,162.046,162.036
